form	lemma	POS	morph
		
ཕྲོལྐེ་		NON_WORD
		
ཆི་	ཆི་	NO_POS
ཛེ་		NON_WORD
ན་	ལ་	PART
		
རྨྱེ་		NON_WORD
		
ཅིརྗོ༷ཊཱལྐེསྟེརཱི་		NON_WORD
རཱིསྡིཏོཞུསྟུ་		NON_WORD
		
ཛོཔསྔོ་		NON_WORD
རྟེ་		NON_WORD
		
ཇུ་	ཇུ་	NO_POS
ནྟྲ་		NON_WORD
ཀེ་	ཀེ་	PROPN
ས་	གིས་	PART
		
		
ནེ་	ནེ་	NO_POS
། །		PUNCT
		
རྒྱལ་བ་	རྒྱལ་བ་	NOUN
ལོ་	གོ་	PART
རངྒེ་པ་	རངྒེ་པ་	NON_WORD
གྲགས་པ་	གྲགས་པ་	VERB
དབང་ཕྱུག་	དབང་ཕྱུག་	NOUN
མཆོག་	མཆོག་	ADJ
རྣམ་ཐར་	རྣམ་ཐར་	NOUN
བགས་	བགས་	NOUN
སོ་	གོ་	PART
།།		PUNCT
རྙེ་		NON_WORD
༼		PUNCT
རྨྱོ་		NON_WORD
༅		PUNCT
གྱེརི་		NON_WORD
།		PUNCT
རཱིརིརྒ་		NON_WORD
		
ཁཱེ་		NON_WORD
ཨྱོརིཀེཚེཔཾ་		NON_WORD
		
ཥེའརྨྱུ་		NON_WORD
ཪྻཱཀྴི་		NON_WORD
།་		PUNCT
ཆིརྡོར་		NON_WORD
གླིང་	གླིང་	NOUN
འབྲུག་	འབྲུག་	NOUN
གསང་སྔགས་	གསང་སྔགས་	NOUN
ཆོ་	ཆོ་	NOUN
གླིང་	གླིང་	NOUN
དགོན་	དགོན་	OTHER
ན་	ནས་	PART
འགྲེམས་	འགྲེམས་	NO_POS
སྤེལཞུས་		NON_WORD
།		PUNCT
		
སྤྲེ་	སྤྲེ་	NO_POS
		
		
རཱིཇིཅི་		NON_WORD
		
རཱིསྐེ་		NON_WORD
།		PUNCT
ཝ་	ཝ་	OTHER
།		PUNCT
བྷེ་		NON_WORD
།		PUNCT
སྡུཅི་		NON_WORD
ཅི་	ཅི་	NO_POS
		
ཇུཚུ་		NON_WORD
		
ཚོ་	ཚོ་	DET
༅		PUNCT
སྙེརི་		NON_WORD
		
ཁུམོ་		NON_WORD
།		PUNCT
ཁུ་	ཁུ་	PROPN
		
ཚུནསྙེཡི་		NON_WORD
		
མིཀོཟོ་		NON_WORD
ཊཱ་		NON_WORD
ནེེ་		NON_WORD
༼		PUNCT
རེ༵་		NON_WORD
		
༵ཏྟྭཾལྟེབྷེ་		NON_WORD
		
༅ ་ །		PUNCT
རིརཱིཇིཔྲེདྔྷ་		NON_WORD
		
སྔེ་		NON_WORD
བྱེཝོ༷ཝཝཏོཕྱོ་		NON_WORD
		
		
		
ཇིམོ་		NON_WORD
།།༈		PUNCT
འིཇི་		NON_WORD
༈		PUNCT
མེཇིལྤམེགླུ་		NON_WORD
		
ཏྱབ་		NON_WORD
		
ཐུཏ་		NON_WORD
མེ་	མེ་	NOUN
ར་	ལ་	PART
༅༅། །		PUNCT
ངེས་དོན་	ངེས་དོན་	NOUN
ལུང་རྟོགས་	ལུང་རྟོགས་	PROPN
ཀྱི་	གི་	PART
བསྟན་པ་	བསྟན་པ་	VERB
རིན་པོ་ཆེ་	རིན་པོ་ཆེ་	ADJ
ར་	ལ་	PART
མཁའ་	མཁའ་	VERB
ཤིང་	ཅིང་	PART
གྲུབ་པ་	གྲུབ་པ་	VERB
འི་	གི་	PART
གཙུག་	གཙུག་	NOUN
གི་	གི་	PART
རྒྱན་	རྒྱན་	NOUN
གཅིག་པུ་	གཅིག་པུ་	ADJ
ར་	ལ་	PART
གྱུར་པ་	གྱུར་པ་	VERB
།		PUNCT
ཕྱོགས་	ཕྱོགས་	NOUN
དང་	དང་	NO_POS
རི་	རི་	NOUN
མེད་པ་	མེད་པ་	VERB
འི་	གི་	PART
ཡོངས་རྫོགས་	ཡོངས་རྫོགས་	OTHER
བསྟན་པ་	བསྟན་པ་	VERB
འི་	གི་	PART
མངའ་བདག་	མངའ་བདག་	NOUN
།		PUNCT
		
རྐྱལ་བ་	རྐྱལ་བ་	VERB
ལོ་	གོ་	PART
རས་པ་	རས་པ་	NOUN
ཞེ་	ཅེས་	PART
གདུང་	གདུང་	NOUN
དང་	དང་	NO_POS
ན་བཟ་	ན་བཟའ་	NOUN
འི་	གི་	PART
མཚན་	མཚན་	NOUN
ཅན་	ཅན་	PART
གྱི་	གི་	PART
སྙན་པ་	སྙན་པ་	VERB
སྲིད་པ་	སྲིད་པ་	VERB
གསུམ་	གསུམ་	NUM
དུ་	ལ་	PART
གྲགས་པ་	གྲགས་པ་	VERB
གང་ཉིད་	གང་ཉིད་	NO_POS
།		PUNCT
བསྟན་འགྲོ་	བསྟན་འགྲོ་	OTHER
འི་	གི་	PART
ཕན་བདེ་	ཕན་བདེ་	OTHER
འི་	གི་	PART
ཆེད་	ཆེད་	NOUN
དུ་	ལ་	PART
ཐུགས་བསྐྱེད་	ཐུགས་བསྐྱེད་	OTHER
འདོར་བ་	འདོར་བ་	VERB
མེད་པ་	མེད་པ་	VERB
ས་	གིས་	PART
སླར་ཡང་	སླར་ཡང་	OTHER
སྲིད་པ་	སྲིད་པ་	VERB
འི་	གི་	PART
ཚུལ་	ཚུལ་	NOUN
དུ་	ལ་	PART
བཟུང་བ་	བཟུང་བ་	VERB
མཆོག་	མཆོག་	ADJ
གི་	གི་	PART
སྤྲུལ་པ་	སྤྲུལ་པ་	VERB
འི་	གི་	PART
སྐུ་	སྐུ་	NOUN
འི་	གི་	PART
ཟླ་ཞལ་	ཟླ་ཞལ་	NO_POS
འཛུམ་པ་	འཛུམ་པ་	VERB
འདིཀྵང་		NON_WORD
།		PUNCT
ཐོག་	ཐོག་	NOUN
མརལྒེ་		NON_WORD
ཤེ་	ཤེ་	VERB
སྤྱན་ལྡན་	སྤྱན་ལྡན་	NOUN
དམ་ཅན་	དམ་ཅན་	NOUN
གྱི་	གི་	PART
ཆོས་སྐྱོང་	ཆོས་སྐྱོང་	NOUN
དངོ་	དངོ་	NOUN
སུ་	ལ་	PART
ཕེབས་	ཕེབས་	NO_POS
ཤིང་	ཅིང་	PART
ལུང་	ལུང་	NOUN
དུ་	ལ་	PART
བསྟན་པ་	བསྟན་པ་	VERB
ལྟ་	ལྟ་	OTHER
།		PUNCT
ཅེས་	ཅེས་	PART
རྒྱན་	རྒྱན་	NOUN
བསམ་གཏན་	བསམ་གཏན་	NOUN
གླིང་པ་	གླིང་པ་	NOUN
འམ་	གམ་	PART
ཀམེ་		NON_WORD
རིན་པོ་ཆེ་	རིན་པོ་ཆེ་	ADJ
མཆོག་	མཆོག་	ADJ
ན་	ནས་	PART
བརྟགས་	བརྟགས་	VERB
ཞུ་	ཞུ་	VERB
ས་བོན་	ས་བོན་	NOUN
ཕེབས་	ཕེབས་	NO_POS
དོནེ་		NON_WORD
།		PUNCT
ངོ་	ངོ་	NOUN
ན་	ནས་	PART
ཀྱང་	ཀྱང་	PART
སྔ་ཕྱི་	སྔ་ཕྱི་	ADJ
བ་	བ་	NOUN
གསུམ་	གསུམ་	NUM
དུ་	ལ་	PART
ཟན་	ཟན་	NOUN
བརྟགས་	བརྟགས་	VERB
རིམ་པ་	རིམ་པ་	NOUN
ར་	ལ་	PART
ཞུས་པ་	ཞུས་པ་	VERB
དང་	དང་	NO_POS
།		PUNCT
དངོ་	དངོ་	NOUN
དང་	དང་	NO_POS
རྨི་ལམ་	རྨི་ལམ་	NOUN
མཚན་ལྟས་	མཚན་ལྟས་	NOUN
གང་ཅི་	གང་ཅི་	NO_POS
ར་	ལ་	PART
གཞིགས་པ་	གཞིགས་པ་	VERB
འི་	གི་	PART
འབྲས་བུ་	འབྲས་བུ་	NOUN
ར་	ལ་	PART
ངོས་འཛིན་	ངོས་འཛིན་	NOUN
ཞུ་	ཞུ་	VERB
ན་	ལ་	PART
བསྟན་འགྲོ་	བསྟན་འགྲོ་	OTHER
ར་	ལ་	PART
སྨན་པ་	སྨན་པ་	NOUN
ཞིག་	ཅིག་	PART
ཡོང་	ཡོང་	NO_POS
རྒྱུ་	རྒྱུ་	NOUN
ར་	ལ་	PART
བསམ་	བསམ་	NOUN
།		PUNCT
དེ་རིང་	དེ་རིང་	ADV
ཧོར་	ཧོར་	PROPN
ཟླ་	ཟླ་	NOUN
		
ཚེ་	ཚེ་	NOUN
		
གཟའ་སྐར་	གཟའ་སྐར་	OTHER
དགེ་བ་	དགེ་བ་	VERB
འི་	གི་	PART
ཉིན་	ཉིན་	NOUN
རྟེན་འབྲེལ་	རྟེན་འབྲེལ་	NOUN
མ་	མ་	PART
བསྒྲིག་	བསྒྲིག་	VERB
རང་	རང་	PRON
འགྲིག་	འགྲིག་	VERB
གི་	གི་	PART
ཚུལ་	ཚུལ་	NOUN
དུ་	ལ་	PART
རྒྱ་གར་	རྒྱ་གར་	PROPN
འཕགས་པ་	འཕགས་པ་	VERB
འི་	གི་	PART
ཡུལ་	ཡུལ་	NOUN
གྱི་	གི་	PART
རྒྱལ་ས་	རྒྱལ་ས་	OTHER
ལྡིལླིར་		NON_WORD
ཆུང་	ཆུང་	VERB
སྲིད་	སྲིད་	NOUN
རིན་	རིན་	NOUN
ཡོ་	ཡོ་	OTHER
ཆེ་	ཆེ་	VERB
ཡངཡཱམ་		NON_WORD
སྟོན་	སྟོན་	VERB
གསོར་	གསོར་	NO_POS
ལྷན་རྒྱས་	ལྷན་རྒྱས་	NO_POS
དངོ་	དངོ་	NOUN
མཇལ་	མཇལ་	NO_POS
བྱུང་	བྱུང་	VERB
སྐབས་	སྐབས་	NOUN
ཞབས་བརྟན་	ཞབས་བརྟན་	OTHER
འཆི་མེད་	འཆི་མེད་	NOUN
བདེ་བ་	བདེ་བ་	VERB
འི་	གི་	PART
རྡོ་རྗེ་	རྡོ་རྗེ་	NOUN
ཞེས་་	ཞེས་པ་	PART
འི་	གི་	PART
ཚིགས་	ཚིགས་	NOUN
རི་	རི་	NOUN
ཐོལ་	ཐོལ་	ADV
བྱུང་	བྱུང་	VERB
དུ་	ལ་	PART
བྲིས་པ་	བྲིས་པ་	VERB
དེ་ཡང་	དེ་ཡང་	ADV
ཕུལ་བ་	ཕུལ་བ་	VERB
དང་	དང་	NO_POS
ཆབས་ཅིག་	ཆབས་ཅིག་	NO_POS
བཀྲ་ཤིས་པ་	བཀྲ་ཤིས་པ་	NOUN
འི་	གི་	PART
ལེགས་ཚོགས་	ལེགས་ཚོགས་	OTHER
ཀྱི་	གི་	PART
སྒོ་	སྒོ་	NOUN
དུ་མ་	དུ་མ་	ADJ
མཐོང་བ་	མཐོང་བ་	VERB
ར་	ལ་	PART
བརྟེན་	བརྟེན་	VERB
དགའ་	དགའ་	VERB
དད་	དད་	VERB
སྤྲོ་བ་	སྤྲོ་བ་	VERB
ཆེན་པོ་	ཆེན་པོ་	ADJ
ས་	གིས་	PART
ངོས་འཛིན་	ངོས་འཛིན་	NOUN
ཡི་གེ་	ཡི་གེ་	NOUN
འདི་བཞིན་	འདི་བཞིན་	NO_POS
འབུལ་བ་	འབུལ་བ་	VERB
ལགས་པ་	ལགས་པ་	AUX
ས་	གིས་	PART
།		PUNCT
སླད་	སླད་	NOUN
		
རྒྱལ་བ་	རྒྱལ་བ་	NOUN
མཐོ་	མཐོ་	VERB
ར་	ར་	NOUN
མཆོག་སྤྲུལ་	མཆོག་སྤྲུལ་	OTHER
འདི་བཞིན་	འདི་བཞིན་	NO_POS
		
རྒྱལ་བསྟན་	རྒྱལ་བསྟན་	OTHER
སྤྱི་	སྤྱི་	DET
དང་	དང་	NO_POS
ཁྱད་པར་	ཁྱད་པར་	NOUN
སྨད་	སྨད་	NOUN
འབྲུག་	འབྲུག་	NOUN
གི་	གི་	PART
བསྟན་པ་	བསྟན་པ་	VERB
འི་	གི་	PART
ཉིན་བྱེད་	ཉིན་བྱེད་	NOUN
ཆེན་པོ་	ཆེན་པོ་	ADJ
ར་	ལ་	PART
སྐུ་ཚེ་	སྐུ་ཚེ་	NOUN
མཛད་འཕྲིན་	མཛད་འཕྲིན་	OTHER
མཐའ་	མཐའ་	NOUN
རུ་	ལ་	PART
ཁྱབ་	ཁྱབ་	VERB
ཅིང་	ཅིང་	PART
དགོངས་	དགོངས་	VERB
དོན་	དོན་	NOUN
ཐམས་ཅད་	ཐམས་ཅད་	DET
ལྷུན་	ལྷུན་	NOUN
གྱིས་	གིས་	PART
གྲུབ་པ་	གྲུབ་པ་	VERB
ར་	ལ་	PART
ཤོག་	ཤོག་	VERB
ཅིག་	ཅིག་	PART
ཅེས་	ཅེས་	PART
ཁོ་བོ་	ཁོ་བོ་	PRON
དཔལ་	དཔལ་	OTHER
འབྲུག་པ་	འབྲུག་པ་	OTHER
བཅུ་	བཅུ་	NUM
གཉི༷་		NON_WORD
༵༵་		NON_WORD
པྱོ་		NON_WORD
མ་	མ་	OTHER
ཕུལ་	ཕུལ་	VERB
།།		PUNCT
ཀླུཀྵི་		NON_WORD
"་་ ་

༄༄། །"		PUNCT
བསིལ་ལྡན་	བསིལ་ལྡན་	NO_POS
གངས་རི་	གངས་རི་	NOUN
འི་	གི་	PART
ར་བ་	ར་བ་	NOUN
ས་	གིས་	PART
བསྐོར་བ་	བསྐོར་བ་	VERB
འི་	གི་	PART
བོད་	བོད་	PROPN
ཆེན་	ཆེན་	NO_POS
དྐུ་		NON_WORD
ལྒོངས་		NON_WORD
འདི་	འདི་	DET
ར་	ལ་	PART
སངས་རྒྱས་	སངས་རྒྱས་	NOUN
ཀྱི་	གི་	PART
བསྟན་པ་	བསྟན་པ་	VERB
འི་	གི་	PART
ཡང་སྙིང་	ཡང་སྙིང་	NOUN
གྲུབ་	གྲུབ་	VERB
བརྒྱུད་	བརྒྱུད་	NO_POS
ཤིང་རྟ་	ཤིང་རྟ་	NOUN
ཆེན་པོ་	ཆེན་པོ་	ADJ
བརྒྱད་	བརྒྱད་	NUM
དུ་	ལ་	PART
གྲགས་པ་	གྲགས་པ་	VERB
འི་	གི་	PART
ནང་ཚན་	ནང་ཚན་	OTHER
བཀའ་	བཀའ་	NOUN
བརྒྱུད་པ་	བརྒྱུད་པ་	VERB
ནི་	ནི་	NO_POS
།		PUNCT
སངས་རྒྱས་	སངས་རྒྱས་	NOUN
གཉིས་པ་	གཉིས་པ་	NUM
སྐྱེ་	སྐྱེ་	VERB
རྒྱན་	རྒྱན་	NOUN
ཆེན་པོ་	ཆེན་པོ་	ADJ
ས་	གིས་	PART
།		PUNCT
ཌོམྦིའི་		NON_WORD
སྤྲུལ་པ་	སྤྲུལ་པ་	VERB
ལོ་	གོ་	PART
ཙཱར་		NON_WORD
གྲགས་པ་	གྲགས་པ་	VERB
ཞིག་	ཅིག་	PART
༔		PUNCT
ལྷོ་	ལྷོ་	NOUN
རོང་	རོང་	PROPN
མཚམས་	མཚམས་	NOUN
སུ་	ལ་	PART
བློ་གྲོས་	བློ་གྲོས་	NOUN
མིང་ཅན་	མིང་ཅན་	NOUN
འབྱུང་	འབྱུང་	VERB
༔		PUNCT
ཞེ་	ཅེས་	PART
མཚན་	མཚན་	NOUN
དང་	དང་	NO_POS
བཅས་པ་	བཅས་པ་	VERB
འི་	གི་	PART
ལུང་	ལུང་	NOUN
གསལ་བ་	གསལ་བ་	VERB
ར་	ལ་	PART
བསྟན་པ་	བསྟན་པ་	VERB
འི་	གི་	PART
སྒྲ་སྒྱུར་	སྒྲ་སྒྱུར་	NOUN
གྱི་	གི་	PART
རྒྱལ་པོ་	རྒྱལ་པོ་	NOUN
མར་པ་	མར་པ་	PROPN
ཆོ་	ཆོ་	NOUN
ཀྱི་	གི་	PART
བློ་གྲོས་	བློ་གྲོས་	NOUN
ཀྱིས་	གིས་	PART
དགུང་ལོ་	དགུང་ལོ་	NOUN
བཅུ་གཉིས་	བཅུ་གཉིས་	NO_POS
སོན་	སོན་	VERB
སྐབས་	སྐབས་	NOUN
ཆོ་	ཆོ་	NOUN
ལ་	ལ་	PART
བྱོན་	བྱོན་	VERB
།		PUNCT
མང་	མང་	VERB
མཁའ་	མཁའ་	NOUN
མྱུ་གུ་	མྱུ་གུ་	NOUN
ལུང་	ལུང་	NOUN
གི་	གི་	PART
དགོན་པ་	དགོན་པ་	NOUN
ར་	ལ་	PART
འབྲོག་	འབྲོག་	NOUN
མི་ལོ་	མི་ལོ་	NOUN
ཙཱ་བ་	ཙཱ་བ་	NO_POS
ཤཱཀྱ་ཡེ་ཤེས་	ཤཱཀྱ་ཡེ་ཤེས་	PROPN
ལས་སྒྲ་	ལས་སྒྲ་	OTHER
གཞུང་	གཞུང་	NOUN
ལེགས་པ་	ལེགས་པ་	VERB
ར་	ལ་	PART
བསླབ་	བསླབ་	VERB
།		PUNCT
སྙིང་སྟོབས་	སྙིང་སྟོབས་	NOUN
ཆེན་པོ་	ཆེན་པོ་	ADJ
ས་	གིས་	PART
རྒྱ་གར་	རྒྱ་གར་	PROPN
འཕགས་པ་	འཕགས་པ་	VERB
འི་	གི་	PART
ཡུལ་	ཡུལ་	NOUN
དུ་	ལ་	PART
ལན་	ལན་	NOUN
གསུམ་	གསུམ་	NUM
བྱོན་	བྱོན་	VERB
ཏེ་	སྟེ་	PART
སྔ་ཕྱི་	སྔ་ཕྱི་	ADJ
བསྡོམས་པ་	བསྡོམས་པ་	VERB
འི་	གི་	PART
མི་ལོ་	མི་ལོ་	NOUN
ཉེ་	ཉེ་	NUM
ལྔ་	ལྔ་	NUM
འི་	གི་	PART
བ་	བ་	NOUN
དུ་	ལ་	PART
ནཱ་	ནཱ་	NO_POS
རོ་	རོ་	NOUN
མཻ་		NON_WORD
ཏྲི་	ཏྲི་	NO_POS
གཙོ་བོ་	གཙོ་བོ་	ADJ
ར་	ལ་	PART
གྱུར་པ་	གྱུར་པ་	VERB
འི་	གི་	PART
མཚན་ལྡན་	མཚན་ལྡན་	ADJ
གྱི་	གི་	PART
བླ་མ་	བླ་མ་	NOUN
བརྒྱ་	བརྒྱ་	NUM
རྩབརྒྱད་		NON_WORD
།		PUNCT
བཤད་སྲོལ་	བཤད་སྲོལ་	OTHER
འཛིན་པ་	འཛིན་པ་	VERB
ལྔ་	ལྔ་	NUM
བཅུ་	བཅུ་	NUM
།		PUNCT
སྣང་བ་	སྣང་བ་	VERB
འགྱུར་	འགྱུར་	VERB
ངེས་པ་	ངེས་པ་	VERB
བཅུ་གསུམ་	བཅུ་གསུམ་	NO_POS
		
ག་	ག་	PRON
ས་	གིས་	PART
བསྟེན་	བསྟེན་	VERB
།		PUNCT
ཁྱད་པར་	ཁྱད་པར་	NOUN
པུཥྐ་		NON_WORD
ཧ་རི་	ཧ་རི་	NO_POS
འི་	གི་	PART
དབེ་		NON_WORD
༑		PUNCT
ན་པ་	ན་པ་	PART
ར་	ལ་	PART
དཔལ་	དཔལ་	OTHER
ནཱ་	ནཱ་	NO_POS
རོ་པ་	རོ་པ་	NOUN
ལ་	ལ་	ADP
ས་	གིས་	PART
དགྱེས་	དགྱེས་	NO_POS
རྡོ་		
དང་	དང་	NO_POS
བསྲེ་འཕོ་	བསྲེ་འཕོ་	NOUN
སྙན་བརྒྱུད་	སྙན་བརྒྱུད་	NOUN
རོ་	རོ་	NOUN
སྟོམས་		NON_WORD
སོགས་	སོགས་	DET
གསན་	གསན་	NO_POS
སྒོམ་	སྒོམ་	VERB
མཛད་	མཛད་	VERB
ན་	ནས་	PART
རྟོགས་པ་	རྟོགས་པ་	VERB
མངོན་དུ་	མངོན་དུ་	NO_POS
གྱུར་	གྱུར་	VERB
།		PUNCT
རི་	རི་	NOUN
མེ་	མེ་	NOUN
ལྟ་	ལྟ་	OTHER
འབར་བ་	འབར་བ་	VERB
འི་	གི་	PART
དུར་ཁྲོད་	དུར་ཁྲོད་	NOUN
དུ་	ལ་	PART
མངའ་བདག་	མངའ་བདག་	NOUN
མཻ་		NON_WORD
ཏྲི་པ་	ཏྲི་པ་	NO_POS
ལ་	ལ་	ADP
ས་	གིས་	PART
གྲུབ་	གྲུབ་	VERB
སྙིང་	སྙིང་	NOUN
གི་	གི་	PART
ཆོས་སྐོར་	ཆོས་སྐོར་	NOUN
རྣམས་	རྣམས་	DET
གསན་	གསན་	NO_POS
།		PUNCT
གཞན་	གཞན་	DET
ཡང་	ཀྱང་	PART
ཡེ་ཤེས་	ཡེ་ཤེས་	NOUN
སྙིང་པོ་	སྙིང་པོ་	NOUN
དང་	དང་	NO_POS
།		PUNCT
ཞིཇིབ་		NON_WORD
བཟང་པོ་	བཟང་པོ་	ADJ
།		PUNCT
ལྕམ་	ལྕམ་	NOUN
ནི་གུ་	ནི་གུ་	NO_POS
མ་	མ་	PART
རྣམས་	རྣམས་	DET
ལ་	ལ་	ADP
ས་	གིས་	PART
ཝརྒྱུད་		NON_WORD
དང་	དང་	NO_POS
མ་རྒྱུད་	མ་རྒྱུད་	NOUN
གདན་	གདན་	NOUN
བཞི་	བཞི་	NUM
སོགས་	སོགས་	DET
གསན་	གསན་	NO_POS
ན་	ནས་	PART
བོད་	བོད་	PROPN
དུ་	ལ་	PART
བྱོན་	བྱོན་	VERB
།		PUNCT
		
སྔན་		NON_WORD
		
གླུ་	གླུ་	NOUN
		
གླུ་	གླུ་	NOUN
		
།		PUNCT
རིནལྷོ་		NON_WORD
བྲག་	བྲག་	NOUN
གྲོ་པོ་	གྲོ་པོ་	NOUN
ལུང་	ལུང་	NOUN
གི་	གི་	PART
དགོན་པ་	དགོན་པ་	NOUN
ར་	ལ་	PART
གདན་	གདན་	NOUN
ཆགས་	ཆགས་	VERB
།		PUNCT
བློབ་		NON_WORD
ཚོགས་	ཚོགས་	NOUN
དཔག་	དཔག་	VERB
ཏུ་	ལ་	PART
མེད་པ་	མེད་པ་	VERB
འདུས་པ་	འདུས་པ་	VERB
འི་	གི་	PART
ནང་	ནང་	NOUN
ན་	ནས་	PART
གཙོ་བོ་	གཙོ་བོ་	ADJ
ཐུགས་སྲས་	ཐུགས་སྲས་	NOUN
ཀ་	ཀ་	DET
ཆེན་	ཆེན་	NO_POS
བཞི་	བཞི་	NUM
ཏེ་	སྟེ་	PART
།		PUNCT
དེ་ཡང་	དེ་ཡང་	ADV
མུ་ཏིག་	མུ་ཏིག་	NOUN
བསྟར་	བསྟར་	NO_POS
ལ་	ལ་	PART
བརྒྱུས་པ་	བརྒྱུས་པ་	VERB
འི་	གི་	PART
བཤད་པ་	བཤད་པ་	VERB
འི་	གི་	PART
དཀའ་ཆེན་	དཀའ་ཆེན་	NOUN
གསུམ་	གསུམ་	NUM
ནི་	ནི་	NO_POS
།		PUNCT
རྔོག་	རྔོག་	PROPN
སྟོན་	སྟོན་	VERB
ཆོས་སྐུ་	ཆོས་སྐུ་	NOUN
རྡོ་རྗེ་	རྡོ་རྗེ་	NOUN
།		PUNCT
དོལ་	དོལ་	PROPN
གྱི་	གི་	PART
མཚུར་	མཚུར་	PROPN
སྟོན་	སྟོན་	VERB
དབང་	དབང་	NOUN
ངེ་	ངེ་	NO_POS
།		PUNCT
གཙང་	གཙང་	PROPN
རོང་	རོང་	PROPN
གི་	གི་	PART
མེ་	མེ་	NOUN
ས་	གིས་	PART
སྟོན་	སྟོན་	VERB
མཚོན་པོ་	མཚོན་པོ་	NOUN
བཅའ་	བཅའ་	VERB
དང་	དང་	NO_POS
།		PUNCT
གྲུབ་པ་	གྲུབ་པ་	VERB
འི་	གི་	PART
ཀ་	ཀ་	DET
ཆེན་	ཆེན་	NO_POS
གུང་	གུང་	ADV
ཐང་	ཐང་	NOUN
གི་	གི་	PART
མི་ལ་རས་པ་	མི་ལ་རས་པ་	PROPN
ནི་	ནི་	NO_POS
།		PUNCT
བླ་		
རྒྱན་	རྒྱན་	NOUN
ཆེན་པོ་	ཆེན་པོ་	ADJ
ས་	གིས་	PART
།		PUNCT
མ་	མ་	NOUN
ལོ་	ལོ་	INTJ
རྗེས་	རྗེས་	NOUN
བཟུངརྟེསྐྱརྩེའི་		NON_WORD
ཀོ་	ཀོ་	NO_POS
རོན་		NON_WORD
དུ་	ལ་	PART
༔		PUNCT
ང་	ང་	PRON
ཡི་	གི་	PART
བླ་མ་	བླ་མ་	NOUN
འཇམ་དཔལ་	འཇམ་དཔལ་	PROPN
ཧེ་	ཧེ་	INTJ
ས་	གིས་	PART
གཉེན་	གཉེན་	NOUN
གྱི་	གི་	PART
༔		PUNCT
སྤྲུལ་པ་	སྤྲུལ་པ་	VERB
མི་ལ་རས་པ་	མི་ལ་རས་པ་	PROPN
ཞེ་	ཅེས་	PART
བྱ་	བྱ་	VERB
འབྱུང་	འབྱུང་	VERB
༔		PUNCT
ཞེ་	ཅེས་	PART
བསྔགས་པ་	བསྔགས་པ་	VERB
འི་	གི་	PART
ལུང་	ལུང་	NOUN
གིས་	གིས་	PART
གྲུབ་པ་	གྲུབ་པ་	VERB
འི་	གི་	PART
རྗེ་བཙུན་	རྗེ་བཙུན་	NOUN
ཆེན་པོ་	ཆེན་པོ་	ADJ
དེ་ཉིད་	དེ་ཉིད་	NOUN
གང་	གང་	NO_POS
དུ་	ལ་	PART
འཁྲུངས་པ་	འཁྲུངས་པ་	VERB
འི་	གི་	PART
ཡུལ་	ཡུལ་	NOUN
ལ་སྟོད་	ལ་སྟོད་	PROPN
གུང་	གུང་	ADV
ཐང་	ཐང་	NOUN
གི་	གི་	PART
སྐྱ་	སྐྱ་	VERB
ཙ་	ཙ་	NOUN
འི་	གི་	PART
ཀོ་	ཀོ་	NO_POS
རོན་		NON_WORD
དུ་	ལ་	PART
།		PUNCT
ཡབ་	ཡབ་	NOUN
མི་ལ་	མི་ལ་	PROPN
ཤེས་རབ་	ཤེས་རབ་	NOUN
རྒྱལ་མཚན་	རྒྱལ་མཚན་	NOUN
དང་	དང་	NO_POS
ཡུམ་	ཡུམ་	NOUN
མྱང་	མྱང་	VERB
བཟའ་	བཟའ་	NOUN
དཀར་རྒྱན་	དཀར་རྒྱན་	NO_POS
གཉིས་	གཉིས་	NUM
ཀྱི་	གི་	PART
སྲ་	སྲ་	NOUN
སུ་	ལ་	PART
རབ་བྱུང་	རབ་བྱུང་	NOUN
དང་པོ་	དང་པོ་	ADJ
འི་	གི་	PART
ཆུ་འབྲུག་	ཆུ་འབྲུག་	NO_POS
ལ་	ལ་	PART
འཁྲུངས་	འཁྲུངས་	NO_POS
།		PUNCT
སྐུ་	སྐུ་	NOUN
ཆུང་ངུ་	ཆུང་ངུ་	ADJ
ན་	ནས་	PART
ཡབ་	ཡབ་	NOUN
གཤེགས་	གཤེགས་	VERB
།		PUNCT
ཨ་ཁུ་	ཨ་ཁུ་	NOUN
གཡུང་	གཡུང་	NO_POS
རྒྱལ་	རྒྱལ་	VERB
དང་	དང་	NO_POS
ཨ་	ཨ་	X
ནི་	ནི་	NO_POS
ཁྱུང་	ཁྱུང་	NOUN
དཔལ་	དཔལ་	OTHER
གཉིས་	གཉིས་	NUM
ཀྱི་	གི་	PART
ཆག་སྒོ་	ཆག་སྒོ་	OTHER
ལ་	ལ་	PART
བརྟེནཅོམཐུ་		NON_WORD
བསྒྲུབས་	བསྒྲུབས་	VERB
ཏེ་	སྟེ་	PART
གྲུབ་	གྲུབ་	VERB
།		PUNCT
རིམ་གྱིས་	རིམ་གྱིས་	NO_POS
རོང་	རོང་	PROPN
སྟོན་	སྟོན་	VERB
ལྷ་	ལྷ་	NOUN
དག་	དགའ་	VERB
ས་	གིས་	PART
ལུང་བསྟན་	ལུང་བསྟན་	NOUN
ཏེ་	སྟེ་	PART
ལྷོ་བྲག་	ལྷོ་བྲག་	PROPN
ཏུ་	ལ་	PART
རྗེ་བཙུན་	རྗེ་བཙུན་	NOUN
མར་པ་	མར་པ་	PROPN
འི་	གི་	PART
སྤྱན་སྔ་	སྤྱན་སྔ་	PROPN
ར་	ལ་	PART
འབྱོར་	འབྱོར་	VERB
།		PUNCT
དང་པོ་	དང་པོ་	ADJ
སྡེགརྨིསྦྱོང་		NON_WORD
དཀའ་སྤྱད་	དཀའ་སྤྱད་	NOUN
ཀྱིས་	གིས་	PART
ཚ་	ཚ་	VERB
བཅད་	བཅད་	VERB
།		PUNCT
བ་	བ་	NOUN
དུ་	ལ་	PART
ཆོ་	ཆོ་	NOUN
དང་	དང་	NO_POS
གདམས་ངག་	གདམས་ངག་	NOUN
གིས་	གིས་	PART
རྗེས་སུ་	རྗེས་སུ་	OTHER
བཟུང་	བཟུང་	NO_POS
།		PUNCT
ཐ་མ་	ཐ་མ་	ADJ
ར་	ལ་	PART
སྒྲུབ་བརྒྱུད་	སྒྲུབ་བརྒྱུད་	NOUN
བསྟན་པ་	བསྟན་པ་	VERB
འི་	གི་	PART
རྒྱལ་མཚན་	རྒྱལ་མཚན་	NOUN
ཕྱག་	ཕྱག་	NOUN
ཏུ་	ལ་	PART
གཏད་	གཏད་	VERB
།		PUNCT
དེ་ནས་	དེ་ནས་	NO_POS
སྟ་	སྟ་	OTHER
ཉ་	ཉ་	NOUN
ཕུག་	ཕུག་	NOUN
དང་	དང་	NO_POS
བྲག་དཀར་	བྲག་དཀར་	PROPN
རྟ་སོ་	རྟ་སོ་	PROPN
།		PUNCT
ལ་	ལ་	PART
ཕྱི་	ཕྱི་	NOUN
ཆུ་བ་	ཆུ་བ་	OTHER
ར་	ལ་	PART
སོགས་	སོགས་	DET
		
ང་	ང་	OTHER
གྲག་	གྲག་	VERB
ཀྱི་	གི་	PART
སྒྲུབ་གནས་	སྒྲུབ་གནས་	NOUN
རྣམས་	རྣམས་	DET
མུ་		
		
གླུ་	གླུ་	NOUN
		
རྭརྗི་		NON_WORD
		
རྩའིཁུཁྱིསུ་		NON_WORD
སྒྲུབ་པ་	སྒྲུབ་པ་	VERB
འི་	གི་	PART
རྒྱལ་མཚན་	རྒྱལ་མཚན་	NOUN
བཙུགས་	བཙུགས་	NO_POS
ཏེ་	སྟེ་	PART
གྲུབ་	གྲུབ་	VERB
བརྒྱ་	བརྒྱ་	NUM
འི་	གི་	PART
གཙུག་	གཙུག་	NOUN
རྒྱན་	རྒྱན་	NOUN
དུ་	ལ་	PART
གྱུར་	གྱུར་	VERB
།		PUNCT
མཚན་	མཚན་	NOUN
ཐོས་པ་	ཐོས་པ་	VERB
ཙམ་	ཙམ་	DET
གྱིས་	གིས་	PART
དད་པ་	དད་པ་	VERB
འི་	གི་	PART
སྤུ་	སྤུ་	NOUN
ལོངས་	ལོངས་	VERB
གཡོ་	གཡོ་	VERB
ཞིང་	ཅིང་	PART
ཐར་པ་	ཐར་པ་	VERB
འི་	གི་	PART
དགའ་སྟོན་	དགའ་སྟོན་	NOUN
ལ་	ལ་	PART
འདྲེན་པ་	འདྲེན་པ་	VERB
འི་	གི་	PART
འགྲོ་དོན་	འགྲོ་དོན་	NOUN
བསམ་	བསམ་	NOUN
གྱིས་	གིས་	PART
མི་	མི་	PART
ཁྱབ་པ་	ཁྱབ་པ་	VERB
ར་	ལ་	PART
མཛྭད་པ་	མཛྭད་པ་	NON_WORD
འི་	གི་	PART
མཐ་	མཐའ་	NOUN
ར་	ལ་	PART
།		PUNCT
དགུང་གྲངས་	དགུང་གྲངས་	OTHER
བརྒྱད་ཅུ་	བརྒྱད་ཅུ་	NO_POS
རྩབཞིར་		NON_WORD
སོན་པ་	སོན་པ་	VERB
འི་	གི་	PART
ཤིང་	ཅིང་	PART
ཡོ་	ཡོ་	NOUN
ལ་	ལ་	PART
སྐུ་	སྐུ་	NOUN
ཤེལ་	ཤེལ་	NOUN
གྱི་	གི་	PART
རྣམཔར་		NON_WORD
མངོན་དག་	མངོན་དགའ་	NO_POS
འི་	གི་	PART
ཞིང་	ཅིང་	PART
དུ་	ལ་	PART
གཤེགས་པ་	གཤེགས་པ་	VERB
འི་	གི་	PART
ཚུལ་	ཚུལ་	NOUN
བསྟན་	བསྟན་	VERB
ཏོ་	གོ་	PART
། །		PUNCT
འདི་	འདི་	DET
ལ་	ལ་	PART
སློབ་མ་	སློབ་མ་	NOUN
དབུས་པ་	དབུས་པ་	NOUN
སྟོན་པ་	སྟོན་པ་	NOUN
དང་	དང་	NO_POS
ར་	ར་	NOUN
ཆུང་པ་	ཆུང་པ་	VERB
གཉིས་	གཉིས་	NUM
ལ་	ལ་	PART
ཐུགས་སྲས་	ཐུགས་སྲས་	NOUN
ཉི་ཟླ་	ཉི་ཟླ་	NOUN
ཟུང་	ཟུང་	VERB
གཅིག་	གཅིག་	NUM
དང་	དང་	NO_POS
།		PUNCT
ངམ་	གམ་	PART
རྫོང་	རྫོང་	NOUN
སྟོན་པ་	སྟོན་པ་	NOUN
སོགས་	སོགས་	DET
ཐུགས་སྲས་	ཐུགས་སྲས་	NOUN
བརྒྱད་	བརྒྱད་	NUM
དང་	དང་	NO_POS
།		PUNCT
གཤེན་	གཤེན་	OTHER
སྒོམ་	སྒོམ་	VERB
རས་པ་	རས་པ་	NOUN
སོགས་	སོགས་	DET
ཉེ་སྲས་	ཉེ་སྲས་	NO_POS
བཅོ་ལྔ་	བཅོ་ལྔ་	NO_POS
ལ་	ལ་	PART
རྒྱུ་སྐར་	རྒྱུ་སྐར་	NOUN
ལྟ་བུ་	ལྟ་བུ་	NOUN
ཉེ་	ཉེ་	NUM
གསུམ་	གསུམ་	NUM
སྟེ་	སྟེ་	PART
གྲུབ་ཐོབ་	གྲུབ་ཐོབ་	NOUN
ཉེ་	ཉེ་	NUM
ལྔ་	ལྔ་	NUM
།		PUNCT
ཕྱི་	ཕྱི་	OTHER
མི་	མི་	PART
ལྡོག་པ་	ལྡོག་པ་	VERB
འི་	གི་	PART
རྟོགས་ལྡན་	རྟོགས་ལྡན་	OTHER
བརྒྱ་	བརྒྱ་	NUM
།		PUNCT
དྲོད་	དྲོད་	NOUN
ཐོབ་པ་	ཐོབ་པ་	VERB
འི་	གི་	PART
སྐྱེས་བུ་	སྐྱེས་བུ་	NOUN
བརྒྱ་	བརྒྱ་	NUM
ཀྵིཾབརྒྱད་		NON_WORD
།		PUNCT
ལམ་སྣ་	ལམ་སྣ་	NOUN
ཟིན་པ་	ཟིན་པ་	VERB
སྟོང་	སྟོང་	NUM
རྩ་	རྩ་	NUM
།		PUNCT
འབྲེལ་	འབྲེལ་	VERB
ཐོགས་	ཐོགས་	VERB
ངན་སོང་	ངན་སོང་	NOUN
གི་	གི་	PART
རྒྱུན་	རྒྱུན་	NOUN
ཆོད་པ་	ཆོད་པ་	VERB
གྲངས་	གྲངས་	NOUN
ལ་	ལ་	ADP
ས་	གིས་	PART
འདས་པ་	འདས་པ་	VERB
དང་	དང་	NO_POS
།		PUNCT
ཚེ་རིང་	ཚེ་རིང་	NOUN
མཆེད་	མཆེད་	NOUN
ལྔ་	ལྔ་	NUM
སོགས་	སོགས་	DET
མི་མ་ཡིན་	མི་མ་ཡིན་	NO_POS
གྱི་	གི་	PART
གདུལ་བྱ་	གདུལ་བྱ་	NOUN
དཔག་	དཔག་	VERB
ཏུ་	ལ་	PART
མེད་པ་	མེད་པ་	VERB
ར་	ལ་	PART
བྱོན་པ་	བྱོན་པ་	VERB
འི་	གི་	PART
ནང་	ནང་	NOUN
ན་	ནས་	PART
།		PUNCT
སྲ་	སྲ་	NOUN
ཀྱི་	གི་	PART
ཐུ་བོ་	ཐུ་བོ་	ADJ
ཟླ་བ་	ཟླ་བ་	NOUN
ལྟ་བུ་	ལྟ་བུ་	NOUN
ནི་	ནི་	NO_POS
ར་	ར་	NOUN
ཆུང་	ཆུང་	VERB
ལྡོ་		NON_WORD
རྗེ་	རྗེ་	NO_POS
གྲགས་པ་	གྲགས་པ་	VERB
སྟེ་	སྟེ་	PART
།		PUNCT
དེ་ཡང་	དེ་ཡང་	ADV
ཡུལ་	ཡུལ་	NOUN
གུང་	གུང་	ADV
ཐང་	ཐང་	NOUN
རལ་	རལ་	NO_POS
ས་	ས་	ADP
ར་	ལ་	PART
ཞེས་་	ཞེས་པ་	PART
འི་	གི་	PART
གྲོང་	གྲོང་	NOUN
དུ་	ལ་	PART
རབ་བྱུང་	རབ་བྱུང་	NOUN
དང་པོ་	དང་པོ་	ADJ
འི་	གི་	PART
ཤིང་བྱི་	ཤིང་བྱི་	OTHER
ལ་	ལ་	PART
འཁྲུངས་	འཁྲུངས་	NO_POS
།		PUNCT
དགུང་ལོ་	དགུང་ལོ་	NOUN
ཉི་ཤུ་	ཉི་ཤུ་	NUM
རྩགསུམ་		NON_WORD
ལ་	ལ་	PART
རྗེ་བཙུན་	རྗེ་བཙུན་	NOUN
ཆེན་པོ་	ཆེན་པོ་	ADJ
དང་	དང་	NO_POS
མརྫལ་		NON_WORD
།		PUNCT
རེ་ཞིག་	རེ་ཞིག་	NO_POS
སྐུ་	སྐུ་	NOUN
ལ་	ལ་	PART
ཙི་	ཙི་	NO_POS
ཏི་	ཏི་	NO_POS
ཛཱ་	ཛཱ་	NO_POS
ལ་	ལ་	ADP
འི་	གི་	PART
སྟུན་	སྟུན་	NO_POS
གྱིས་	གིས་	PART
ཟིན་	ཟིན་	VERB
ཏེ་	སྟེ་	PART
ཕྱོག་		NON_WORD
ཙ་ར་	ཙ་ར་	NO_POS
བཞི་	བཞི་	NUM
དང་	དང་	NO_POS
ཕྲད་པ་	ཕྲད་པ་	VERB
འི་	གི་	PART
རྐྱེན་	རྐྱེན་	NOUN
གྱིས་	གིས་	PART
འཕགབྲསསྡིགལ་		NON_WORD
དུ་	ལ་	PART
བྱེདན་པ་	བྱེདན་པ་	NON_WORD
ལ་	ལ་	ADP
ས་	གིས་	PART
སྙུན་གཞི་	སྙུན་གཞི་	NO_POS
མེད་	མེད་	VERB
དུ་	ལ་	PART
དྭངས་	དྭངས་	NO_POS
ཏེ་	སྟེ་	PART
སླ་	སླ་	ADV
ལྡོག་	ལྡོག་	VERB
།		PUNCT
ཡང་ཕྱི་	ཡང་ཕྱི་	NO_POS
ས་	གིས་	PART
རྗེ་བཙུན་	རྗེ་བཙུན་	NOUN
གྱི་	གི་	PART
བཀའ་	བཀའ་	NOUN
ལ་	ལ་	ADP
ས་	གིས་	PART
།		PUNCT
ང་	ང་	PRON
འི་	གི་	PART
བླ་མ་	བླ་མ་	NOUN
ལྷསྣ་		NON_WORD
བྲག་	བྲག་	NOUN
མ་	མ་	NOUN
ལུས་	ལུས་	NOUN
༔༔		PUNCT
རྒྱཤཱ་		NON_WORD
		
རྩེ་	རྩེ་	NOUN
		
ཁྱཔའི་		NON_WORD
ཞལ་	ཞལ་	NOUN
ན་	ནས་	PART
།		PUNCT
རྒྱ་གར་	རྒྱ་གར་	PROPN
ན་	ལ་	PART
ལུས་མེད་	ལུས་མེད་	NOUN
མཁའ་འགྲོ་	མཁའ་འགྲོ་	NOUN
འི་	གི་	PART
ཆོས་སྐོར་	ཆོས་སྐོར་	NOUN
དགུ་	དགུ་	NUM
ཞེ་	ཅེས་	PART
བྱ་བ་	བྱ་བ་	VERB
ཡོད་པ་	ཡོད་པ་	VERB
ས་	གིས་	PART
།		PUNCT
བཞི་	བཞི་	NUM
ང་	ང་	OTHER
འདྲེན་	འདྲེན་	NO_POS
ཏེ་	སྟེ་	PART
མཆིས་	མཆིས་	VERB
།		PUNCT
ལྔ་	ལྔ་	NUM
ལུས་པ་	ལུས་པ་	VERB
ས་	གིས་	PART
མཐུ་ཆེན་	མཐུ་ཆེན་	PROPN
ཁྱོད་	ཁྱོད་	PRON
ཀྱིས་	གིས་	PART
ལོན་	ལོན་	VERB
གསུངས་པ་	གསུངས་པ་	VERB
ཡིན་	ཡིན་	NO_POS
ཏེ་	སྟེ་	PART
།		PUNCT
ང་	ང་	PRON
གཅིག་	གཅིག་	NUM
ཏུ་	ལ་	PART
ན་སོ་	ན་སོ་	NOUN
རྒས་	རྒས་	NO_POS
།		PUNCT
གཉིས་	གཉིས་	NUM
སུ་	ལ་	PART
རྟོགས་པ་	རྟོགས་པ་	VERB
ན་	ན་	ADP
ར་	ལ་	PART
སོན་པ་	སོན་པ་	VERB
ས་	གིས་	PART
ང་	ང་	PRON
ལ་	ལ་	PART
མེད་	མེད་	VERB
ཀྱང་	ཀྱང་	PART
རུང་	རུང་	SCONJ
།		PUNCT
ཕྱི་	ཕྱི་	VERB
རབས་	རབས་	NOUN
ཀྱི་	གི་	PART
བརྒྱུད་འཛིན་	བརྒྱུད་འཛིན་	NOUN
ལ་	ལ་	PART
དགོས་པ་	དགོས་པ་	VERB
ས་	གིས་	PART
།		PUNCT
ར་	ར་	NOUN
ཆུང་པ་	ཆུང་པ་	VERB
ཁྱོད་	ཁྱོད་	PRON
སོང་	སོང་	VERB
ལ་	ལ་	PART
ལོངས་	ལོངས་	VERB
ཤིག་	ཅིག་	PART
གསུངས་	གསུངས་	VERB
ཏེ་	སྟེ་	PART
རྒྱ་གར་	རྒྱ་གར་	PROPN
དུ་	ལ་	PART
བརྫངས་	བརྫངས་	NO_POS
།		PUNCT
དེ་	དེ་	DET
ས་	གིས་	PART
ཀྱང་	ཀྱང་	PART
ཤིང་	ཅིང་	PART
སྤངས་	སྤངས་	VERB
གསེར་	གསེར་	NOUN
གྱི་	གི་	PART
གྲོང་ཁྱེར་	གྲོང་ཁྱེར་	NOUN
དུ་	ལ་	PART
བརྟོལ་	བརྟོལ་	VERB
།		PUNCT
གྲུབ་པ་	གྲུབ་པ་	VERB
འི་	གི་	PART
རྒྱལ་མོ་	རྒྱལ་མོ་	OTHER
ལ་	ལ་	ADP
ས་	གིས་	PART
ཚེ་	ཚེ་	NOUN
དཔག་མེད་	དཔག་མེད་	ADJ
ཀྱི་	གི་	PART
སྒྲུབ་	སྒྲུབ་	VERB
སྐོར་	སྐོར་	NOUN
རྣམས་	རྣམས་	DET
དང་	དང་	NO_POS
།		PUNCT
སྲ་	སྲ་	NOUN
དར་མ་	དར་མ་	PROPN
མདོ་སྡེ་	མདོ་སྡེ་	NOUN
འཕོ་བ་	འཕོ་བ་	VERB
གྲོང་འཇུག་	གྲོང་འཇུག་	NOUN
གིས་	གིས་	PART
སྐུ་	སྐུ་	NOUN
བཞེངས་	བཞེངས་	NO_POS
ཏེ་	སྟེ་	PART
ནཱ་	ནཱ་	NO_POS
རོ་	རོ་	NOUN
འི་	གི་	PART
དངོས་སློབ་	དངོས་སློབ་	NOUN
ཏུ་	ལ་	PART
གྱུར་པ་	གྱུར་པ་	VERB
འི་	གི་	PART
ཏི་ཕུ་	ཏི་ཕུ་	NO_POS
གསང་སྔགས་	གསང་སྔགས་	NOUN
སྡོང་པོ་	སྡོང་པོ་	NOUN
ལ་	ལ་	ADP
ས་	གིས་	PART
ལུས་མེད་	ལུས་མེད་	NOUN
མཁའ་འགྲོ་	མཁའ་འགྲོ་	NOUN
འི་	གི་	PART
ཆོས་སྡེ་	ཆོས་སྡེ་	NOUN
ལྷག་ལུས་	ལྷག་ལུས་	ADJ
ལྔ་	ལྔ་	NUM
དང་	དང་	NO_POS
དགོས་པ་	དགོས་པ་	VERB
འི་	གི་	PART
ཆོ་	ཆོ་	NOUN
དྲུག་	དྲུག་	NUM
སོགས་	སོགས་	DET
གདམས་	གདམས་	NOUN
སྐོར་	སྐོར་	NOUN
མང་	མང་	VERB
དུ་	ལ་	PART
བསྣམས་	བསྣམས་	NO_POS
ཏེ་	སྟེ་	PART
སླ་	སླ་	ADV
བོད་	བོད་	PROPN
དུ་	ལ་	PART
བྱོན་	བྱོན་	VERB
།		PUNCT
བླ་མ་	བླ་མ་	NOUN
ལ་	ལ་	PART
གདམས་པ་	གདམས་པ་	VERB
སྐྱེ་	སྐྱེ་	VERB
སུ་	ལ་	PART
ཕུལ་བ་	ཕུལ་བ་	VERB
ས་	གིས་	PART
མཉེས་པ་	མཉེས་པ་	VERB
ར་	ལ་	PART
མཛད་	མཛད་	VERB
།		PUNCT
ཁྱད་པར་	ཁྱད་པར་	NOUN
སྙན་	སྙན་	NOUN
རྒྱུད་	རྒྱུད་	NOUN
ཀྱི་	གི་	PART
བཀའ་	བཀའ་	NOUN
བབ་	བབ་	VERB
ཏུ་	ལ་	PART
གཟིགས་	གཟིགས་	VERB
ཏེ་	སྟེ་	PART
གཉའ་ནང་	གཉའ་ནང་	PROPN
དྲོད་	དྲོད་	NOUN
ཕུག་	ཕུག་	NOUN
ཏུ་	ལ་	PART
མཁའ་འགྲོ་	མཁའ་འགྲོ་	NOUN
སྙན་	སྙན་	NOUN
རྒྱུད་	རྒྱུད་	NOUN
ཀྱི་	གི་	PART
གདམས་པ་	གདམས་པ་	VERB
རྗོ་		NON_WORD
གས་པ་	གས་པ་	VERB
ར་	ལ་	PART
མཛད་	མཛད་	VERB
།		PUNCT
དེ་ནས་	དེ་ནས་	NO_POS
བླ་མ་	བླ་མ་	NOUN
འི་	གི་	PART
བཀའ་	བཀའ་	NOUN
བཞིན་	བཞིན་	NOUN
ལྷོ་བྲག་	ལྷོ་བྲག་	PROPN
མཁའ་	མཁའ་	NOUN
ཆུ་		
བྱོན་	བྱོན་	VERB
ན་	ནས་	PART
རོ་	རོ་	NOUN
སྟོམས་		NON_WORD
ཀྱི་	གི་	PART
སྐོར་	སྐོར་	NOUN
གཏེར་	གཏེར་	NOUN
དུ་	ལ་	PART
སྦ་	སྦ་	PROPN
ས་	གིས་	PART
།		PUNCT
བྱ་	བྱ་	VERB
ར་པོ་	ར་པོ་	PART
ནགས་	ནགས་	NOUN
སུ་	ལ་	PART
བསྒོམས་	བསྒོམས་	VERB
ན་	ནས་	PART
ཆོས་ཉིད་	ཆོས་ཉིད་	NOUN
ཀྱི་	གི་	PART
བདེན་པ་	བདེན་པ་	VERB
གཟིགས་	གཟིགས་	VERB
།		PUNCT
གཉལ་	གཉལ་	NO_POS
ལོ་	གོ་	PART
རོང་	རོང་	PROPN
དུ་	ལ་	PART
ཕྲིན་ལས་	ཕྲིན་ལས་	NOUN
ཡུན་རིང་	ཡུན་རིང་	NOUN
བསྐྱངས་པ་	བསྐྱངས་པ་	VERB
འི་	གི་	PART
མཐ་	མཐའ་	NOUN
ར་	ལ་	PART
འཇའ་ཚོན་	འཇའ་ཚོན་	NOUN
གྱི་	གི་	PART
སྐུ་	སྐུ་	NOUN
གྱུར་	གྱུར་	VERB
ཏེ་	སྟེ་	PART
ལྕང་ལོ་	ལྕང་ལོ་	NO_POS
ཅན་	ཅན་	PART
དུ་	ལ་	PART
གཤེགས་	གཤེགས་	VERB
།		PUNCT
འདི་	འདི་	DET
ལ་	ལ་	PART
སློབ་མ་	སློབ་མ་	NOUN
ལོ་	གོ་	PART
གཙང་	གཙང་	PROPN
ར་	ར་	ADP
མུ་		
		
གླུ་	གླུ་	NOUN
		
ཐོ་	ཐོ་	NOUN
༔༔		PUNCT
གྲོཁྲིསབྱེས་		NON_WORD
བཞི་	བཞི་	NUM
ལ་	ལ་	PART
ལྷོ་	ལྷོ་	NOUN
འི་	གི་	PART
བུ་	བུ་	NOUN
བཞི་	བཞི་	NUM
།		PUNCT
ཁྱུངཚང་པ་	ཁྱུངཚང་པ་	NON_WORD
ལ་སོགས་པ་	ལ་སོགས་པ་	NO_POS
བྱང་	བྱང་	NOUN
གི་	གི་	PART
བུ་	བུ་	NOUN
བཞི་	བཞི་	NUM
སོགས་	སོགས་	DET
མཐའ་ཡས་པ་	མཐའ་ཡས་པ་	ADJ
ར་	ལ་	PART
བྱེདན་པ་	བྱེདན་པ་	NON_WORD
ལ་	ལ་	ADP
ས་	གིས་	PART
།		PUNCT
གདམས་ངག་	གདམས་ངག་	NOUN
ར་	ར་	NOUN
ཆུང་	ཆུང་	VERB
༷་		NON_WORD
།		PUNCT
ག་	ག་	PRON
ས་	གིས་	PART
སུ་	ལ་	PART
གྲགས་པ་	གྲགས་པ་	VERB
རྣམས་	རྣམས་	DET
ལོ་	གོ་	PART
གཙང་	གཙང་	PROPN
བྱེ་	བྱེ་	VERB
གསུམ་	གསུམ་	NUM
ན་	ནས་	PART
གྲུབ་ཐོབ་	གྲུབ་ཐོབ་	NOUN
གླིང་	གླིང་	NOUN
ལ་	ལ་	PART
བརྒྱུད་	བརྒྱུད་	NO_POS
།		PUNCT
ཁྱད་པར་	ཁྱད་པར་	NOUN
སྙན་	སྙན་	NOUN
རྒྱུད་	རྒྱུད་	NOUN
ཀྱི་	གི་	PART
བཀའ་	བཀའ་	NOUN
བབ་	བབ་	VERB
ནི་	ནི་	NO_POS
རྒྱལ་བ་	རྒྱལ་བ་	NOUN
ཁྱུང་	ཁྱུང་	NOUN
ཚང་པ་	ཚང་པ་	VERB
སྟེ་	སྟེ་	PART
།		PUNCT
དེ་ལས་	དེ་ལས་	NO_POS
མ་	མ་	PART
གཅིག་	གཅིག་	NUM
ཀོང་ཇོ་	ཀོང་ཇོ་	PROPN
སོགས་	སོགས་	DET
ལ་	ལ་	PART
བརྒྱུད་	བརྒྱུད་	NO_POS
དེ་	སྟེ་	PART
མཚུངས་མེད་	མཚུངས་མེད་	OTHER
རྒྱལ་དབང་	རྒྱལ་དབང་	NOUN
རྗེ་	རྗེ་	NO_POS
ལ་	ལ་	PART
བབ་པ་	བབ་པ་	VERB
འོ་	གོ་	PART
།		PUNCT
རྗེ་བཙུན་	རྗེ་བཙུན་	NOUN
མི་ལ་	མི་ལ་	PROPN
འི་	གི་	PART
ཐུགས་སྲས་	ཐུགས་སྲས་	NOUN
ཀྱི་	གི་	PART
གཙོ་བོ་	གཙོ་བོ་	ADJ
ཉི་མ་	ཉི་མ་	NOUN
ལྟ་བུ་	ལྟ་བུ་	NOUN
ར་	ལ་	PART
གྱུར་པ་	གྱུར་པ་	VERB
ནི་	ནི་	NO_POS
ཐུབ་པ་	ཐུབ་པ་	VERB
འི་	གི་	PART
རྒྱལ་ཚབ་	རྒྱལ་ཚབ་	NOUN
མཉམ་མེད་	མཉམ་མེད་	ADJ
སྒམ་པོ་པ་	སྒམ་པོ་པ་	PROPN
སྟེ་	སྟེ་	PART
།		PUNCT
དེ་ཡང་	དེ་ཡང་	ADV
སྡོན་		NON_WORD
དུས་	དུས་	NOUN
བྱང་སེམས་	བྱང་སེམས་	NOUN
མེ་ཏོག་	མེ་ཏོག་	NOUN
ཟླ་	ཟླ་	NOUN
མཛྲེས་		NON_WORD
དང་	དང་	NO_POS
།		PUNCT
ཐུབ་པ་	ཐུབ་པ་	VERB
འི་	གི་	PART
སྤྱན་སྔ་	སྤྱན་སྔ་	PROPN
ར་	ལ་	PART
ཟླ་འོད་	ཟླ་འོད་	PROPN
གཞོན་ནུ་	གཞོན་ནུ་	ADJ
དང་	དང་	NO_POS
།		PUNCT
གངས་རི་	གངས་རི་	NOUN
འི་	གི་	PART
ཁྲོད་	ཁྲོད་	NOUN
དུ་	ལ་	PART
དྭགས་པོ་	དྭགས་པོ་	OTHER
ལྷ་རྗེ་	ལྷ་རྗེ་	NOUN
ཉིད་	ཉིད་	DET
དུ་	ལ་	PART
བྱོན་པ་	བྱོན་པ་	VERB
ར་	ལ་	PART
རྒྱལ་བ་	རྒྱལ་བ་	NOUN
ས་	གིས་	PART
སྙིང་རྗེ་	སྙིང་རྗེ་	NOUN
པད་དཀར་	པད་དཀར་	OTHER
དང་	དང་	NO_POS
ཏིང་འཛིན་	ཏིང་འཛིན་	NOUN
རྒྱལ་པོ་	རྒྱལ་པོ་	NOUN
ལ་སོགས་པ་	ལ་སོགས་པ་	NO_POS
འི་	གི་	PART
མདོ་སྡེ་	མདོ་སྡེ་	NOUN
རྣམས་	རྣམས་	DET
ལ་	ལ་	ADP
ས་	གིས་	PART
ཡང་ཡང་	ཡང་ཡང་	NO_POS
བསྔགས་པ་	བསྔགས་པ་	VERB
འི་	གི་	PART
ལུང་	ལུང་	NOUN
གིས་	གིས་	PART
གྲུབ་པ་	གྲུབ་པ་	VERB
མ་ཟད་	མ་ཟད་	NO_POS
ཕྱི་	ཕྱི་	VERB
རྒྱན་	རྒྱན་	NOUN
ཐམས་ཅད་	ཐམས་ཅད་	DET
མཁྱེན་པ་	མཁྱེན་པ་	VERB
ས་	གིས་	PART
ཀྱང་	ཀྱང་	PART
།		PUNCT
ཨོ་རྒྱན་	ཨོ་རྒྱན་	PROPN
ང་	ང་	PRON
ནི་	ནི་	NO_POS
གཉལ་	གཉལ་	NO_POS
སྨད་	སྨད་	NOUN
ལྷ་རྗེ་	ལྷ་རྗེ་	NOUN
ས་	གིས་	PART
སྐྱེ་	སྐྱེ་	NOUN
༔		PUNCT
དྭགས་པོ་	དྭགས་པོ་	OTHER
འི་	གི་	PART
རི་	རི་	NOUN
ལ་དོན་	ལ་དོན་	OTHER
སྒོམ་	སྒོམ་	VERB
ཁྱུ་	ཁྱུ་	NOUN
གཅིག་	གཅིག་	NUM
འབྱུང་	འབྱུང་	VERB
༔		PUNCT
ཞེ་	ཅེས་	PART
རྡོ་རྗེ་	རྡོ་རྗེ་	NOUN
འི་	གི་	PART
གསུང་	གསུང་	VERB
གིས་	གིས་	PART
ཞལ་བཞེས་	ཞལ་བཞེས་	NOUN
མཛྭད་		NON_WORD
དེ་	སྟེ་	PART
བྱོན་པ་	བྱོན་པ་	VERB
འི་	གི་	PART
སྐྱེས་མཆོག་	སྐྱེས་མཆོག་	NOUN
འདི་ཉིད་	འདི་ཉིད་	OTHER
།		PUNCT
གང་	གང་	NO_POS
དུ་	ལ་	PART
འཁྲུངས་པ་	འཁྲུངས་པ་	VERB
འི་	གི་	PART
ཡུལ་	ཡུལ་	NOUN
གཉལ་	གཉལ་	NO_POS
སྨད་	སྨད་	NOUN
བུལ་	བུལ་	NO_POS
ཉི་	ཉི་	NUM
ཞེས་་	ཞེས་པ་	PART
འི་	གི་	PART
ས་	ས་	ADP
ར་	ལ་	PART
།		PUNCT
ཡབ་	ཡབ་	NOUN
སྙི་བ་	སྙི་བ་	NO_POS
རྒྱལ་པོ་	རྒྱལ་པོ་	NOUN
དང་	དང་	NO_POS
ཡུམ་	ཡུམ་	NOUN
ངལ་	ངལ་	VERB
བཟའ་མ་	བཟའ་མ་	NO_POS
ཟུང་	ཟུང་	VERB
གི་	གི་	PART
སྲ་	སྲ་	NOUN
སུ་	ལ་	PART
སྟོན་པ་	སྟོན་པ་	NOUN
འི་	གི་	PART
འདས་ལོ་	འདས་ལོ་	NO_POS
ཆིག་སྟོང་	ཆིག་སྟོང་	NO_POS
དགུ་	དགུ་	NUM
བརྒྱ་	བརྒྱ་	NUM
ལྔ་	ལྔ་	NUM
བཅུ་	བཅུ་	NUM
ང་	ང་	PRON
བདུན་པ་	བདུན་པ་	NUM
རབ་བྱུང་	རབ་བྱུང་	NOUN
དང་པོ་	དང་པོ་	ADJ
འི་	གི་	PART
ས་མོ་	ས་མོ་	NO_POS
ལུགལ་		NON_WORD
འཁྲུངས་	འཁྲུངས་	NO_POS
།		PUNCT
དགུང་གྲངས་	དགུང་གྲངས་	OTHER
སུམཅུ་		NON_WORD
རྩགཉིས་		NON_WORD
ཀྱི་	གི་	PART
བ་	བ་	NOUN
གསོ་	གསོ་	NO_POS
བརིག་པ་	བརིག་པ་	NON_WORD
གཟིགས་	གཟིགས་	VERB
ལུས་	ལུས་	NOUN
༔		PUNCT
རྩ་	རྩ་	NUM
		
		
ཞིསནས་		NON_WORD
སྨན་	སྨན་	NOUN
གྱི་	གི་	PART
འགྲོ་དོན་	འགྲོ་དོན་	NOUN
ཁོ་ན་	ཁོ་ན་	DET
ར་	ལ་	PART
མརྡོད་		NON_WORD
།		PUNCT
དེ་ནས་	དེ་ནས་	NO_POS
དགུང་གྲངས་	དགུང་གྲངས་	OTHER
སོ་	གོ་	PART
གཉིས་	གཉིས་	NUM
ན་	ནས་	PART
ཁྱེམ་	ཁྱེམ་	NOUN
གྱི་	གི་	PART
བྱ་བ་	བྱ་བ་	VERB
སྙིང་པོ་	སྙིང་པོ་	NOUN
མེད་པ་	མེད་པ་	VERB
ར་	ལ་	PART
གཟིགས་	གཟིགས་	VERB
ཏེ་	སྟེ་	PART
ཆོ་	ཆོ་	NOUN
ལ་	ལ་	PART
བྱོན་	བྱོན་	VERB
།		PUNCT
ཐོག་མ་	ཐོག་མ་	NOUN
ར་	ལ་	PART
དགེ་	དགེ་	NOUN
བཞེས་	བཞེས་	VERB
སྨྱུག་	སྨྱུག་	NO_POS
རུམཔ་		NON_WORD
དང་	དང་	NO_POS
རྒྱ་ལྕགས་	རྒྱ་ལྕགས་	NO_POS
རི་	རི་	NOUN
བསོགས་	བསོགས་	NO_POS
ན་	ནས་	PART
བཀའ་	བཀའ་	NOUN
གདམས་	གདམས་	NOUN
ལུགས་	ལུགས་	NOUN
ཀྱི་	གི་	PART
ཆོས་སྐོར་	ཆོས་སྐོར་	NOUN
རྫོགས་པ་	རྫོགས་པ་	VERB
ར་	ལ་	PART
གསན་	གསན་	NO_POS
ཏེ་	སྟེ་	PART
ཉམས་	ཉམས་	NOUN
བཞེས་	བཞེས་	VERB
མཛད་	མཛད་	VERB
སྐབས་	སྐབས་	NOUN
།		PUNCT
རྗེ་བཙུན་	རྗེ་བཙུན་	NOUN
མི་ལ་	མི་ལ་	PROPN
འི་	གི་	PART
མཚན་	མཚན་	NOUN
ཐོ་	ཐོ་	VERB
ན་	ནས་	PART
ཤིན་ཏུ་	ཤིན་ཏུ་	NO_POS
དད་པ་	དད་པ་	VERB
ས་	གིས་	PART
ཚེགས་	ཚེགས་	NOUN
ཀྱིས་	གིས་	PART
ལ་	ལ་	PART
ཕྱི་	ཕྱི་	NOUN
སྨན་	སྨན་	NOUN
ལུང་	ལུང་	NOUN
ཆུ་བ་	ཆུ་བ་	OTHER
ར་	ལ་	PART
དུ་	ལ་	PART
མཇལ་	མཇལ་	NO_POS
དུ་	ལ་	PART
བྱོན་	བྱོན་	VERB
།		PUNCT
དེ་	དེ་	DET
ར་	ལ་	PART
རྗེ་བཙུན་	རྗེ་བཙུན་	NOUN
ཆེན་པོ་	ཆེན་པོ་	ADJ
ས་	གིས་	PART
ཀྱང་	ཀྱང་	PART
བརྒྱུད་པ་	བརྒྱུད་པ་	VERB
འི་	གི་	PART
སྲོལ་ཁ་	སྲོལ་ཁ་	NO_POS
ཟིན་པ་	ཟིན་པ་	VERB
ར་	ལ་	PART
དགོངས་	དགོངས་	VERB
ཏེ་	སྟེ་	PART
སྲ་	སྲ་	NOUN
ཀྱི་	གི་	PART
ཐུ་བོ་	ཐུ་བོ་	ADJ
ར་	ལ་	PART
བཟུང་	བཟུང་	NO_POS
།		PUNCT
སིནྡྷ་		NON_WORD
ར་	ར་	ADP
འི་	གི་	PART
དཀྱིལ་འཁོར་	དཀྱིལ་འཁོར་	NOUN
ལ་	ལ་	PART
བརྟེན་	བརྟེན་	VERB
ན་	ནས་	PART
སྙན་	སྙན་	NOUN
རྒྱུད་	རྒྱུད་	NOUN
ཀྱི་	གི་	PART
བྱིན་རླབས་	བྱིན་རླབས་	NOUN
མཛད་	མཛད་	VERB
དེ་	སྟེ་	PART
མཆོག་	མཆོག་	ADJ
ཏུ་	ལ་	PART
ཟབ་པ་	ཟབ་པ་	VERB
འི་	གི་	PART
ཐབས་ལམ་	ཐབས་ལམ་	NOUN
གདམས་	གདམས་	NOUN
།		PUNCT
དེ་	དེ་	DET
ས་	གིས་	PART
ཀྱང་	ཀྱང་	PART
སྒྲུབ་	སྒྲུབ་	VERB
ལ་	ལ་	PART
ནན་ཏན་	ནན་ཏན་	NOUN
མཛད་པ་	མཛད་པ་	VERB
ས་	གིས་	PART
རྩརླུང་		NON_WORD
ལ་	ལ་	PART
རང་དབང་	རང་དབང་	NOUN
ཐོབ་	ཐོབ་	VERB
།		PUNCT
བླ་མ་	བླ་མ་	NOUN
འི་	གི་	PART
དྲིན་	དྲིན་	NOUN
གྱིས་	གིས་	PART
རྟོགས་པ་	རྟོགས་པ་	VERB
ཐུགས་	ཐུགས་	NOUN
སུ་	ལ་	PART
ཆུད་	ཆུད་	VERB
དེ་	སྟེ་	PART
སྨན་བླ་	སྨན་བླ་	OTHER
མཆེད་	མཆེད་	NOUN
བདུན་	བདུན་	NUM
སོགས་	སོགས་	DET
སངས་རྒྱས་	སངས་རྒྱས་	NOUN
སྟོང་	སྟོང་	NUM
དང་	དང་	NO_POS
ལོངས་སྐུ་	ལོངས་སྐུ་	NOUN
འི་	གི་	PART
ཞིང་	ཅིང་	PART
སྣང་	སྣང་	VERB
གཟིགས་	གཟིགས་	VERB
།		PUNCT
བཀའ་	བཀའ་	NOUN
བརྒྱུད་	བརྒྱུད་	NO_POS
ཀྱི་	གི་	PART
ཆོ་	ཆོ་	NOUN
དང་	དང་	NO_POS
གདམས་ངག་	གདམས་ངག་	NOUN
ཐམས་ཅད་	ཐམས་ཅད་	DET
བུམཔ་		NON_WORD
གང་	གང་	NO_POS
བྱོའི་		NON_WORD
ཚུལ་	ཚུལ་	NOUN
དུ་	ལ་	PART
བཞེས་	བཞེས་	VERB
ན་	ནས་	PART
ལོ་	གོ་	PART
གསུམ་	གསུམ་	NUM
བཞུགས་པ་	བཞུགས་པ་	VERB
འི་	གི་	PART
མཐ་	མཐའ་	NOUN
ར་	ལ་	PART
ཤར་ཕྱོགས་	ཤར་ཕྱོགས་	NOUN
དྭགས་	དྭགས་	NO_POS
ལ་	ལ་	PART
སྒམ་པོ་	སྒམ་པོ་	PROPN
ར་	ལ་	PART
དགེ་	དགེ་	NOUN
བློང་	བློང་	NO_POS
རྡོ་རྗེ་	རྡོ་རྗེ་	NOUN
འཛིན་པ་	འཛིན་པ་	VERB
ཁྱོད་	ཁྱོད་	PRON
ཀྱི་	གི་	PART
གདུལ་བྱ་	གདུལ་བྱ་	NOUN
ཡོད་	ཡོད་	VERB
དོ་	གོ་	PART
ཞེ་	ཅེས་	PART
བླ་མ་	བླ་མ་	NOUN
ས་	གིས་	PART
སྐྱེལ་ཐུང་	སྐྱེལ་ཐུང་	NO_POS
དང་	དང་	NO_POS
ལུང་བསྟན་	ལུང་བསྟན་	NOUN
མརྡོད་		NON_WORD
དེ་	སྟེ་	PART
སླ་	སླ་	ADV
བྱོན་	བྱོན་	VERB
།		PUNCT
མཐར་གྱིས་	མཐར་གྱིས་	NO_POS
གཉལ་	གཉལ་	NO_POS
སྨད་	སྨད་	NOUN
སེ་བ་	སེ་བ་	NOUN
ལུང་	ལུང་	NOUN
དུ་	ལ་	PART
ལོ་	གོ་	PART
དྲུག་	དྲུག་	NUM
བསྒོམས་པ་	བསྒོམས་པ་	VERB
ས་	གིས་	PART
ཕྱག་རྒྱ་	ཕྱག་རྒྱ་	NOUN
ཆེན་པོ་	ཆེན་པོ་	ADJ
འི་	གི་	PART
རྟོགས་པ་	རྟོགས་པ་	VERB
མངོན་དུ་	མངོན་དུ་	NO_POS
གྱུར་	གྱུར་	VERB
ཏེ་	སྟེ་	PART
དྭགས་	དྭགས་	NO_POS
ལ་	ལ་	PART
སྒགཔོའི་		NON_WORD
གནས་	གནས་	NOUN
སུ་	ལ་	PART
བྱོན་	བྱོན་	VERB
།		PUNCT
དེ་	དེ་	DET
ར་	ལ་	PART
ལོ་	གོ་	PART
བཅུ་གཉིས་	བཅུ་གཉིས་	NO_POS
འདག་སྦྱར་	འདག་སྦྱར་	NO_POS
མརྡོད་པ་	མརྡོད་པ་	NON_WORD
ར་	ལ་	PART
དགོངས་	དགོངས་	VERB
ཙ་ན་	ཙ་ན་	NO_POS
།		PUNCT
བར་སྣང་	བར་སྣང་	NOUN
བྲ་	བྲ་	NO_POS
ས་	གིས་	PART
༔༔		PUNCT
གྲོ་	གྲོ་	NOUN
		
༔༔		PUNCT
གྲིཁྱིཁྱིལས་		NON_WORD
མཁའ་	མཁའ་	NOUN
འབེ་	འབེ་	NO_POS
༑་		PUNCT
མ་	མ་	OTHER
།		PUNCT
བཅུ་གཉིས་	བཅུ་གཉིས་	NO_POS
འདག་སྦྱར་	འདག་སྦྱར་	NO_POS
མཛད་པ་	མཛད་པ་	VERB
བ་	བ་	ADP
། །		PUNCT
བཅུ་གཉིས་	བཅུ་གཉིས་	NO_POS
བསྟན་པ་	བསྟན་པ་	VERB
སྤེལ་	སྤེལ་	VERB
ན་	ལ་	PART
དགའ་	དགའ་	VERB
། །		PUNCT
ཞེ་	ཅེས་	PART
ལུང་བསྟན་	ལུང་བསྟན་	NOUN
བྱུང་	བྱུང་	VERB
ནག་	ནག་	VERB
རབ་བྱུང་	རབ་བྱུང་	NOUN
གཉིས་པ་	གཉིས་པ་	NUM
འི་	གི་	PART
ཤིང་སྟག་	ཤིང་སྟག་	NO_POS
ལ་དྭགས་	ལ་དྭགས་	PROPN
ལ་	ལ་	PART
སྒགཔོར་		NON_WORD
གདན་ས་	གདན་ས་	NOUN
བཏབ་	བཏབ་	VERB
སྟེ་	སྟེ་	PART
གདུལ་བྱ་	གདུལ་བྱ་	NOUN
འི་	གི་	PART
ཚོགས་པ་	ཚོགས་པ་	VERB
བསྐྱངས་	བསྐྱངས་	NO_POS
།		PUNCT
སྐལ་ལྡན་	སྐལ་ལྡན་	ADJ
མང་	མང་	VERB
དུ་	ལ་	PART
འདུས་པ་	འདུས་པ་	VERB
རྣམས་	རྣམས་	DET
ལ་	ལ་	PART
ཆོ་	ཆོ་	NOUN
བཀའ་	བཀའ་	NOUN
མདོ་	མདོ་	NOUN
འི་	གི་	PART
དགོངས་པ་	དགོངས་པ་	VERB
གཙོ་བོ་	གཙོ་བོ་	ADJ
ར་	ལ་	PART
སྟོན་པ་	སྟོན་པ་	NOUN
བཀའ་	བཀའ་	NOUN
གདམས་	གདམས་	NOUN
དང་	དང་	NO_POS
།		PUNCT
སྔགས་	སྔགས་	NOUN
ཀྱི་	གི་	PART
དགོངས་པ་	དགོངས་པ་	VERB
གཙོ་བོ་	གཙོ་བོ་	ADJ
ར་	ལ་	PART
སྟོན་པ་	སྟོན་པ་	NOUN
ཕྱག་རྒྱ་	ཕྱག་རྒྱ་	NOUN
ཆེན་པོ་	ཆེན་པོ་	ADJ
སྟེ་	སྟེ་	PART
།		PUNCT
བཀའ་	བཀའ་	NOUN
ཕྱག་	ཕྱག་	NOUN
ཆུ་བོ་	ཆུ་བོ་	NOUN
གཉིས་	གཉིས་	NUM
འདུ་	འདུ་	VERB
ཀྱི་	གི་	PART
ལམ་སྲོལ་	ལམ་སྲོལ་	OTHER
གཏོད་	གཏོད་	VERB
དེ་	སྟེ་	PART
དཔལ་	དཔལ་	OTHER
ལྔེན་		NON_WORD
དྭགས་པོ་	དྭགས་པོ་	OTHER
བཀའ་	བཀའ་	NOUN
བརྒྱུད་	བརྒྱུད་	NO_POS
ཅེས་	ཅེས་	PART
ཡོངས་སུ་	ཡོངས་སུ་	NO_POS
གྲགས་པ་	གྲགས་པ་	VERB
འི་	གི་	PART
རིང་ལུགས་	རིང་ལུགས་	OTHER
མཚུངས་ཟླ་	མཚུངས་ཟླ་	OTHER
མེད་པ་	མེད་པ་	VERB
དེ་	སྟེ་	PART
བྱུང་བ་	བྱུང་བ་	VERB
སྟེ་	སྟེ་	PART
།		PUNCT
དེ་	སྟེ་	PART
ལ་	ལ་	PART
དགོངས་	དགོངས་	VERB
ན་	ནས་	PART
པཎ་ཆེན་	པཎ་ཆེན་	NOUN
ནཱ་	ནཱ་	NO_POS
རོ་པ་	རོ་པ་	NOUN
ས་	གིས་	PART
།		PUNCT
སེང་གེ་	སེང་གེ་	NOUN
ཁྱུང་	ཁྱུང་	NOUN
གི་	གི་	PART
ཕྲུག་གུ་	ཕྲུག་གུ་	NOUN
བཞིན་	བཞིན་	NOUN
། །		PUNCT
སློབ་མ་	སློབ་མ་	NOUN
བ་	བ་	ADP
ཀྱང་	ཀྱང་	PART
ཡང་སློབ་	ཡང་སློབ་	NOUN
བཟང་	བཟང་	VERB
། །		PUNCT
ཞེ་	ཅེས་	PART
དང་	དང་	NO_POS
།		PUNCT
མར་པ་	མར་པ་	PROPN
ས་	གིས་	PART
རྗེ་བཙུན་	རྗེ་བཙུན་	NOUN
གྱི་	གི་	PART
རྨི་ལམ་	རྨི་ལམ་	NOUN
ལུང་བསྟན་པ་	ལུང་བསྟན་པ་	NOUN
ལ་	ལ་	ADP
ས་	གིས་	PART
།		PUNCT
རྒོད་	རྒོད་	NOUN
དེ་	སྟེ་	PART
ལ་	ལ་	PART
བུ་	བུ་	NOUN
གཅིག་	གཅིག་	NUM
སྐྱེས་པ་	སྐྱེས་པ་	VERB
འདི་	འདི་	DET
། །		PUNCT
བུ་	བུ་	NOUN
འགྲན་	འགྲན་	NO_POS
གྱི་	གི་	PART
དོ་	གོ་	PART
མེད་	མེད་	VERB
འབྱུང་བ་	འབྱུང་བ་	VERB
འི་	གི་	PART
རྟགས་	རྟགས་	NOUN
། །		PUNCT
བྱ་	བྱ་	VERB
ཕྲན་	ཕྲན་	OTHER
གྱིས་	གིས་	PART
ནམམཁའ་		NON_WORD
གང་བ་	གང་བ་	VERB
དེ་	སྟེ་	PART
། །		PUNCT
བཀའ་	བཀའ་	NOUN
བརྒྱུད་	བརྒྱུད་	NO_POS
ཀྱི་	གི་	PART
བསྟན་པ་	བསྟན་པ་	VERB
དར་བ་	དར་བ་	VERB
ཡིན་	ཡིན་	NO_POS
། །		PUNCT
ཞེ་	ཅེས་	PART
གསུངས་པ་	གསུངས་པ་	VERB
འི་	གི་	PART
ལུང་དོན་	ལུང་དོན་	OTHER
ལྟ་	ལྟ་	OTHER
།		PUNCT
རྗེ་	རྗེ་	NO_POS
འདི་	འདི་	DET
ས་	གིས་	PART
བཀའ་	བཀའ་	NOUN
བརྒྱུད་	བརྒྱུད་	NO_POS
བསྟན་པ་	བསྟན་པ་	VERB
བླ་	བླ་	NOUN
ན་	ནས་	PART
བླ་	བླ་	NOUN
ར་	ལ་	PART
སྤེལ་བ་	སྤེལ་བ་	VERB
འི་	གི་	PART
མཛད་པ་	མཛད་པ་	VERB
མཐ་	མཐའ་	NOUN
ར་	ལ་	PART
ཕྱིན་	ཕྱིན་	VERB
ཏེ་	སྟེ་	PART
དགུང་གྲངས་	དགུང་གྲངས་	OTHER
བདུན་ཅུ་	བདུན་ཅུ་	NO_POS
བཞེས་པ་	བཞེས་པ་	VERB
འི་	གི་	PART
ཆུ་མོ་	ཆུ་མོ་	OTHER
བྱ་	བྱ་	VERB
འི་	གི་	PART
ཟླ་	ཟླ་	NOUN
དྲུག་	དྲུག་	NUM
བཅོ་ལྔ་	བཅོ་ལྔ་	NO_POS
འི་	གི་	PART
ཉིན་	ཉིན་	NOUN
དགོངས་པ་	དགོངས་པ་	VERB
ཆོས་སྐུ་	ཆོས་སྐུ་	NOUN
འི་	གི་	PART
རུམ་	རུམ་	NOUN
དུ་	ལ་	PART
མནལ་བ་	མནལ་བ་	VERB
ར་	ལ་	PART
མརྡོད་		NON_WORD
དོ་	གོ་	PART
། །		PUNCT
འདི་	འདི་	DET
ལ་	ལ་	PART
སློབ་མ་	སློབ་མ་	NOUN
ཁྲི་ཕྲག་	ཁྲི་ཕྲག་	NO_POS
ཙམ་	ཙམ་	DET
དུ་	ལ་	PART
འདུས་པ་	འདུས་པ་	VERB
འི་	གི་	PART
ནང་	ནང་	NOUN
ན་	ནས་	PART
གཙོ་བོ་	གཙོ་བོ་	ADJ
གྲུབ་ཐོབ་	གྲུབ་ཐོབ་	NOUN
ཁམས་པ་	ཁམས་པ་	PROPN
མི་	མི་	PART
གསུམ་	གསུམ་	NUM
།		PUNCT
ཤོ་	ཤོ་	NOUN
རམ་	གམ་	PART
འཕགས་པ་	འཕགས་པ་	VERB
སོགས་	སོགས་	DET
གྲག་	གྲག་	VERB
ལུས་	ལུས་	NOUN
༔༔		PUNCT
ནིརྭརྟོ་		NON_WORD
༔		PUNCT
རྩ་	རྩ་	NUM
འི་	གི་	PART
		
པ་	པ་	OTHER
འི་	གི་	PART
བུ་	བུ་	NOUN
བཞི་	བཞི་	NUM
།		PUNCT
དྭགས་པོ་	དྭགས་པོ་	OTHER
སྒོམ་	སྒོམ་	VERB
ཆུང་	ཆུང་	VERB
སོགས་	སོགས་	DET
ཐུགས་	ཐུགས་	NOUN
ཀྱི་	གི་	PART
སྲ་	སྲ་	NOUN
བཞི་	བཞི་	NUM
།		PUNCT
དྭགས་པོ་	དྭགས་པོ་	OTHER
འདུལ་འཛིན་	འདུལ་འཛིན་	NOUN
སོགས་	སོགས་	DET
ཉེ་བ་	ཉེ་བ་	VERB
འི་	གི་	PART
སྲ་	སྲ་	NOUN
བཞི་	བཞི་	NUM
།		PUNCT
དྭགས་པོ་	དྭགས་པོ་	OTHER
སྒོམ་	སྒོམ་	VERB
ཚུལ་	ཚུལ་	NOUN
སོགས་	སོགས་	DET
བརྒྱུད་འཛིན་	བརྒྱུད་འཛིན་	NOUN
གྱི་	གི་	PART
བུ་ཆེན་	བུ་ཆེན་	NOUN
བཞི་	བཞི་	NUM
སྟེ་	སྟེ་	PART
སྒམ་པོ་	སྒམ་པོ་	PROPN
འི་	གི་	PART
གྲུབ་ཐོབ་	གྲུབ་ཐོབ་	NOUN
བཅོ་བརྒྱད་	བཅོ་བརྒྱད་	NO_POS
དུ་	ལ་	PART
གྲགས་པ་	གྲགས་པ་	VERB
ལ་	ལ་	ADP
ས་	གིས་	PART
།		PUNCT
གཙོ་བོ་	གཙོ་བོ་	ADJ
བརྒྱུད་འཛིན་	བརྒྱུད་འཛིན་	NOUN
བུ་ཆེན་	བུ་ཆེན་	NOUN
བཞི་	བཞི་	NUM
འི་	གི་	PART
ནང་ཚན་	ནང་ཚན་	OTHER
དབོན་	དབོན་	NO_POS
སྒོམ་	སྒོམ་	VERB
ཚུལ་ཁྲིམས་	ཚུལ་ཁྲིམས་	NOUN
སྙིང་པོ་	སྙིང་པོ་	NOUN
སྟེ་	སྟེ་	PART
།		PUNCT
རྗེ་	རྗེ་	NO_POS
རང་	རང་	PRON
གི་	གི་	PART
རྒྱལ་ཚབ་	རྒྱལ་ཚབ་	NOUN
ཏུ་	ལ་	PART
མངའ་	མངའ་	VERB
གསེ་	གསེ་	NO_POS
		
ལ་	ལ་	PART
ན་	ནས་	PART
།		PUNCT
ང་	ང་	PRON
རྒས་པ་	རྒས་པ་	VERB
ས་	གིས་	PART
ཁྱེད་	ཁྱེད་	PRON
རྣམས་	རྣམས་	DET
ཚུལ་ཁྲིམས་	ཚུལ་ཁྲིམས་	NOUN
སྙིང་པོ་	སྙིང་པོ་	NOUN
ལ་	ལ་	PART
བཏུད་	བཏུད་	NO_POS
ཅིག་	ཅིག་	PART
གསུངས་	གསུངས་	VERB
།		PUNCT
འདི་	འདི་	DET
ས་	གིས་	PART
ལྷ་ས་	ལྷ་ས་	PROPN
འི་	གི་	PART
ཞིག་གསོ་	ཞིག་གསོ་	NO_POS
ས་	གིས་	PART
མརྡོད་པ་	མརྡོད་པ་	NON_WORD
སོགས་	སོགས་	DET
འགྲོ་དོན་	འགྲོ་དོན་	NOUN
ཕྲིན་ལས་	ཕྲིན་ལས་	NOUN
རྒྱ་	རྒྱ་	NOUN
ཆེ་	ཆེ་	VERB
ར་	ལ་	PART
བསྐྱངས་	བསྐྱངས་	NO_POS
།		PUNCT
འདི་	འདི་	DET
ལ་	ལ་	PART
སློབ་མ་	སློབ་མ་	NOUN
དྭགས་	དྭགས་	NO_POS
ལ་	ལ་	PART
སྒམ་པོ་	སྒམ་པོ་	PROPN
འི་	གི་	PART
འདུས་པ་	འདུས་པ་	VERB
སྤྱི་	སྤྱི་	DET
དང་	དང་	NO_POS
གཙོ་བོ་	གཙོ་བོ་	ADJ
འགྲོ་མགོན་	འགྲོ་མགོན་	NOUN
གཡུ་	གཡུ་	NOUN
བྲག་པ་	བྲག་པ་	NOUN
འམ་	གམ་	PART
ཞང་	ཞང་	PROPN
བརྩོན་	བརྩོན་	VERB
འགྲུག་		NON_WORD
གྲགས་པ་	གྲགས་པ་	VERB
སྟེ་	སྟེ་	PART
།		PUNCT
དེ་	དེ་	DET
ས་	གིས་	PART
ཚལ་	ཚལ་	NOUN
གུང་གཉིས་	གུང་གཉིས་	NO_POS
སུ་	ལ་	PART
གདན་ས་	གདན་ས་	NOUN
བཏབ་	བཏབ་	VERB
སྟེ་	སྟེ་	PART
ཚོགས་པ་	ཚོགས་པ་	VERB
བསྐྱངས་	བསྐྱངས་	NO_POS
།		PUNCT
ཁྱད་	ཁྱད་	NOUN
		
		
ར་	ར་	ADP
དྭགས་པོ་	དྭགས་པོ་	OTHER
འི་	གི་	PART
		
སྣབ་		NON_WORD
མ་	མ་	PART
ཐམས་ཅད་	ཐམས་ཅད་	DET
ཀྱི་	གི་	PART
ནང་	ནང་	NOUN
ན་	ནས་	PART
མཆོག་	མཆོག་	ADJ
ཏུ་	ལ་	PART
གྱུར་པ་	གྱུར་པ་	VERB
ནི་	ནི་	NO_POS
བརྒྱུད་འཛིན་	བརྒྱུད་འཛིན་	NOUN
བུ་ཆེན་	བུ་ཆེན་	NOUN
བཞི་	བཞི་	NUM
འི་	གི་	PART
ནང་ཚན་	ནང་ཚན་	OTHER
འགྲོ་མགོན་	འགྲོ་མགོན་	NOUN
རིན་ཆེན་	རིན་ཆེན་	OTHER
ཁམས་པ་	ཁམས་པ་	PROPN
རྡོ་		
རྒྱལ་	རྒྱལ་	VERB
ཏེ་	སྟེ་	PART
།		PUNCT
སྟོན་པ་	སྟོན་པ་	NOUN
ས་	གིས་	PART
ཟླ་འོད་	ཟླ་འོད་	PROPN
སཞོན་		NON_WORD
ནུ་	ནུ་	NO_POS
ལ་	ལ་	PART
མདོ་	མདོ་	NOUN
ཏིང་འཛིན་	ཏིང་འཛིན་	NOUN
རྒྱལ་པོ་	རྒྱལ་པོ་	NOUN
སྩལ་བ་	སྩལ་བ་	VERB
འི་	གི་	PART
སྐབས་	སྐབས་	NOUN
།		PUNCT
ཁྱོད་	ཁྱོད་	PRON
ཀྱིས་	གིས་	PART
མདོ་སྡེ་	མདོ་སྡེ་	NOUN
འདི་	འདི་	DET
ཧཻད་		NON_WORD
སྤེལ་བ་	སྤེལ་བ་	VERB
འི་	གི་	PART
དུས་	དུས་	NOUN
། །		PUNCT
དེ་	སྟེ་	PART
ཚེ་	ཚེ་	NOUN
ང་ཉིད་	ང་ཉིད་	NO_POS
ཁྱོད་	ཁྱོད་	PRON
ཀྱི་	གི་	PART
གྲོག་	གྲོག་	NOUN
བྱེད་	བྱེད་	VERB
དོ་	གོ་	PART
། །		PUNCT
ཞེ་	ཅེས་	PART
དང་	དང་	NO_POS
།		PUNCT
ཨོ་རྒྱན་	ཨོ་རྒྱན་	PROPN
ཆེན་པོ་	ཆེན་པོ་	ADJ
འི་	གི་	PART
ལུང་	ལུང་	NOUN
ལ་	ལ་	ADP
ས་	གིས་	PART
།		PUNCT
ཨོ་རྒྱན་	ཨོ་རྒྱན་	PROPN
ང་ཉིད་	ང་ཉིད་	NO_POS
གང་	གང་	NO_POS
འདུལ་	འདུལ་	NO_POS
སྐུ་	སྐུ་	NOUN
སྤྲུལ་པ་	སྤྲུལ་པ་	VERB
༔		PUNCT
རྡོ་རྗེ་	རྡོ་རྗེ་	NOUN
རྒྱལ་པོ་	རྒྱལ་པོ་	NOUN
ཕག་གྲུ་	ཕག་གྲུ་	PROPN
འི་	གི་	PART
ནགས་	ནགས་	NOUN
སུ་	ལ་	PART
འབྱུང་	འབྱུང་	VERB
༔		PUNCT
ཞེ་	ཅེས་	PART
ལུང་བསྟན་པ་	ལུང་བསྟན་པ་	NOUN
ལྟ་	ལྟ་	OTHER
།		PUNCT
འདི་ཉིད་	འདི་ཉིད་	OTHER
མདོ་ཁམས་	མདོ་ཁམས་	OTHER
རྨེ་	རྨེ་	NO_POS
ཤོད་	ཤོད་	VERB
དུ་	ལ་	PART
རབ་བྱུང་	རབ་བྱུང་	NOUN
གཉིས་པ་	གཉིས་པ་	NUM
འི་	གི་	PART
ལྕགས་སྟག་	ལྕགས་སྟག་	OTHER
ལ་	ལ་	PART
འཁྲུངས་	འཁྲུངས་	NO_POS
།		PUNCT
ལུས་	ལུས་	NOUN
༔༔		PUNCT
གྲི་	གྲི་	NOUN
།		PUNCT
སྤྲེ་	སྤྲེ་	NO_POS
		
རྩའིཁུཁྱིདགུང་		NON_WORD
འེ་		NON_WORD
		
དགུ་	དགུ་	NUM
ལ་	ལ་	PART
མཁན་པོ་	མཁན་པོ་	NOUN
ཚུལ་ཁྲིམས་	ཚུལ་ཁྲིམས་	NOUN
ལ་	ལ་	PART
གཏུགས་	གཏུགས་	VERB
ཏེ་	སྟེ་	PART
རབ་ཏུ་	རབ་ཏུ་	NO_POS
བྱུང་	བྱུང་	VERB
།		PUNCT
མཚན་	མཚན་	NOUN
རྡོ་རྗེ་	རྡོ་རྗེ་	NOUN
རྒྱལ་པོ་	རྒྱལ་པོ་	NOUN
ར་	ལ་	PART
གསོལ་	གསོལ་	VERB
།		PUNCT
དགུང་གྲངས་	དགུང་གྲངས་	OTHER
གཅོ་	གཅོ་	NO_POS
བརྒྱད་	བརྒྱད་	NUM
ལ་	ལ་	PART
དབུ་	དབུ་	NOUN
སུ་	ལ་	PART
བྱོན་	བྱོན་	VERB
།		PUNCT
བྱ་	བྱ་	VERB
འདུལ་འཛིན་	འདུལ་འཛིན་	NOUN
ལ་	ལ་	ADP
ས་	གིས་	PART
བསྟེན་	བསྟེན་	VERB
རྫོགས་	རྫོགས་	VERB
བཞེས་	བཞེས་	VERB
།		PUNCT
ས་	ས་	ADP
ཆེན་	ཆེན་	NO_POS
ཀུན་དགའ་	ཀུན་དགའ་	PROPN
སྙིང་པོ་	སྙིང་པོ་	NOUN
སོགས་	སོགས་	DET
མཁའ་	མཁའ་	VERB
དབང་	དབང་	NOUN
དུ་མ་	དུ་མ་	ADJ
འི་	གི་	PART
ཞལ་	ཞལ་	NOUN
གྱི་	གི་	PART
འབབ་སྟེགས་	འབབ་སྟེགས་	OTHER
ལ་	ལ་	ADP
ས་	གིས་	PART
ཆོ་	ཆོ་	NOUN
ཚུལ་	ཚུལ་	NOUN
ཆུ་བོ་	ཆུ་བོ་	NOUN
འབུམ་ཕྲག་	འབུམ་ཕྲག་	OTHER
དྲངས་	དྲངས་	NO_POS
ཏེ་	སྟེ་	PART
གསན་	གསན་	NO_POS
བསམ་	བསམ་	NOUN
མཐིལ་ཕྱིན་	མཐིལ་ཕྱིན་	OTHER
མཛྭད་པ་	མཛྭད་པ་	NON_WORD
འི་	གི་	PART
མཐ་	མཐའ་	NOUN
ར་	ལ་	PART
།		PUNCT
དྭགས་	དྭགས་	NO_POS
ལ་	ལ་	PART
སྒམ་པོ་	སྒམ་པོ་	PROPN
ར་	ལ་	PART
ཆོས་རྗེ་	ཆོས་རྗེ་	NOUN
འི་	གི་	PART
ཞབས་	ཞབས་	NOUN
ལ་	ལ་	PART
གཏུགས་	གཏུགས་	VERB
ན་	ནས་	PART
ཆོས་ཉིད་	ཆོས་ཉིད་	NOUN
ཀྱི་	གི་	PART
བདེན་པ་	བདེན་པ་	VERB
གཟིགས་	གཟིགས་	VERB
ཏེ་	སྟེ་	PART
གྲུབ་པ་	གྲུབ་པ་	VERB
འི་	གི་	PART
ས་	ས་	ADP
ར་	ལ་	PART
བྱོན་	བྱོན་	VERB
།		PUNCT
དེ་ནས་	དེ་ནས་	NO_POS
རབ་བྱུང་	རབ་བྱུང་	NOUN
གསུམ་པ་	གསུམ་པ་	NUM
འི་	གི་	PART
ས་	ས་	ADP
སྟག་	སྟག་	NOUN
ལ་	ལ་	PART
ཕག་གྲུ་	ཕག་གྲུ་	PROPN
ཀུན་བཟང་	ཀུན་བཟང་	ADJ
ནགས་	ནགས་	NOUN
མོ་	མོ་	PRON
འི་	གི་	PART
འདབས་	འདབས་	NOUN
ཀྱི་	གི་	PART
གདན་ས་	གདན་ས་	NOUN
མཐིལ་	མཐིལ་	NOUN
བཏབ་	བཏབ་	VERB
སྟེ་	སྟེ་	PART
ཆོ་	ཆོ་	NOUN
ཀྱི་	གི་	PART
བདུད་རྩི་	བདུད་རྩི་	NOUN
འགྱེད་པ་	འགྱེད་པ་	VERB
ལ་	ལ་	ADP
ས་	གིས་	PART
སློབ་	སློབ་	VERB
ཚོགས་	ཚོགས་	NOUN
མང་	མང་	VERB
དུ་	ལ་	PART
འདུས་པ་	འདུས་པ་	VERB
ལ་	ལ་	ADP
ས་	གིས་	PART
།		PUNCT
གཙོ་བོ་	གཙོ་བོ་	ADJ
སྟག་	སྟག་	NOUN
ལུག་	ལུག་	NOUN
ཐང་པ་	ཐང་པ་	NOUN
སོགས་	སོགས་	DET
མཐ་	མཐའ་	NOUN
ར་	ལ་	PART
ཕྱིན་	ཕྱིན་	VERB
གྱི་	གི་	PART
བུ་	བུ་	NOUN
བཞི་	བཞི་	NUM
།		PUNCT
ཡེ་ཤེས་	ཡེ་ཤེས་	NOUN
སེང་གེ་	སེང་གེ་	NOUN
སོགས་	སོགས་	DET
གདམས་པ་	གདམས་པ་	VERB
འི་	གི་	PART
བུ་	བུ་	NOUN
བཞི་	བཞི་	NUM
།		PUNCT
འཇིག་རྟེན་	འཇིག་རྟེན་	NOUN
མགོན་པོ་	མགོན་པོ་	NOUN
སོགས་	སོགས་	DET
རོ་	རོ་	NOUN
གཅིག་	གཅིག་	NUM
རྟོགས་པ་	རྟོགས་པ་	VERB
ཕྱེད་	ཕྱེད་	NUM
བཞི་	བཞི་	NUM
།		PUNCT
རྒྱ་དམར་བ་	རྒྱ་དམར་བ་	OTHER
སོགས་	སོགས་	DET
ཉེ་བ་	ཉེ་བ་	VERB
འི་	གི་	PART
སྲ་	སྲ་	NOUN
བཞི་	བཞི་	NUM
ལ་སོགས་པ་	ལ་སོགས་པ་	NO_POS
འདུས་པ་	འདུས་པ་	VERB
འི་	གི་	PART
གཙོ་བོ་	གཙོ་བོ་	ADJ
མང་	མང་	VERB
དུ་	ལ་	PART
བྱུང་བ་	བྱུང་བ་	VERB
ལ་	ལ་	ADP
ས་	གིས་	PART
།		PUNCT
མཐ་	མཐའ་	NOUN
ར་	ལ་	PART
ཕྱིན་	ཕྱིན་	VERB
གྱི་	གི་	PART
བུ་	བུ་	NOUN
བཞི་	བཞི་	NUM
འི་	གི་	PART
ནང་ཚན་	ནང་ཚན་	OTHER
རྟོགས་པ་	རྟོགས་པ་	VERB
མཐ་	མཐའ་	NOUN
ར་	ལ་	PART
ཕྱིན་	ཕྱིན་	VERB
གྲུབ་ཐོབ་	གྲུབ་ཐོབ་	NOUN
རྒྱལ་པོ་	རྒྱལ་པོ་	NOUN
གླིང་ཆེན་	གླིང་ཆེན་	NO_POS
རས་པ་	རས་པ་	NOUN
སྟེ་	སྟེ་	PART
།		PUNCT
དེ་ཡང་	དེ་ཡང་	ADV
ཨོ་རྒྱན་	ཨོ་རྒྱན་	PROPN
ཆེན་པོ་	ཆེན་པོ་	ADJ
འི་	གི་	PART
ལུང་	ལུང་	NOUN
ལ་	ལ་	ADP
ས་	གིས་	PART
།		PUNCT
ས་ར་	ས་ར་	NO_POS
ཧ་པ་	ཧ་པ་	NO_POS
བོད་	བོད་	PROPN
སྤྲུལཪྵདངོས་		NON_WORD
བྱོན་པ་	བྱོན་པ་	VERB
༔		PUNCT
གྲུབ་ཐོབ་	གྲུབ་ཐོབ་	NOUN
རྒྱལ་པོ་	རྒྱལ་པོ་	NOUN
གླིང་ཆེན་	གླིང་ཆེན་	NO_POS
རས་པ་	རས་པ་	NOUN
འབྱུང་	འབྱུང་	VERB
༔		PUNCT
ཞེ་	ཅེས་	PART
ལུང་བསྟན་པ་	ལུང་བསྟན་པ་	NOUN
འི་	གི་	PART
གླིང་	གླིང་	NOUN
ར་	ར་	NOUN
པདྨ་	པདྨ་	NOUN
རྡོ་རྗེ་	རྡོ་རྗེ་	NOUN
ནི་	ནི་	NO_POS
།		PUNCT
གཙང་	གཙང་	PROPN
ཕྱོགས་	ཕྱོགས་	NOUN
མྱང་སྨད་	མྱང་སྨད་	OTHER
གླིང་	གླིང་	NOUN
གི་	གི་	PART
ས་	ས་	ADP
ར་	ལ་	PART
རབ་བྱུང་	རབ་བྱུང་	NOUN
གཉིས་པ་	གཉིས་པ་	NUM
འི་	གི་	PART
ས་	ས་	ADP
སྤྲེལ་	སྤྲེལ་	NO_POS
ལ་	ལ་	PART
འཁྲུངས་	འཁྲུངས་	NO_POS
།		PUNCT
མུ་		
༔༔		PUNCT
གྲི་	གྲི་	NOUN
		
༔༔		PUNCT
ཁྱི་	ཁྱི་	NOUN
		
ཉདགུང་		NON_WORD
ལོ་	གོ་	PART
བཅུ་གསུམ་	བཅུ་གསུམ་	NO_POS
ན་	ནས་	PART
ལུང་རིགས་	ལུང་རིགས་	NOUN
སྨྲ་བ་	སྨྲ་བ་	VERB
འི་	གི་	PART
ལྗགས་	ལྗགས་	NOUN
རིང་	རིང་	NOUN
བརྐྱངས་	བརྐྱངས་	NO_POS
།		PUNCT
ལོ་	གོ་	PART
དང་	དང་	NO_POS
སུམཔ་		NON_WORD
སོགས་	སོགས་	DET
བླ་མ་	བླ་མ་	NOUN
མང་	མང་	VERB
དུ་	ལ་	PART
བསྟེན་	བསྟེན་	VERB
ན་	ནས་	PART
གདམས་པ་	གདམས་པ་	VERB
འི་	གི་	PART
བདུད་	བདུད་	NOUN
རྫིབཞེས་པ་	རྫིབཞེས་པ་	NON_WORD
འི་	གི་	PART
མཐ་	མཐའ་	NOUN
ར་	ལ་	PART
།		PUNCT
ཕག་གྲུ་	ཕག་གྲུ་	PROPN
འི་	གི་	PART
ནགས་	ནགས་	NOUN
སུ་	ལ་	PART
བྱོན་	བྱོན་	VERB
ན་	ནས་	PART
འགྲོ་མགོན་	འགྲོ་མགོན་	NOUN
རིན་ཆེན་	རིན་ཆེན་	OTHER
མཇལ་བ་	མཇལ་བ་	VERB
ཙམ་	ཙམ་	DET
གྱིས་	གིས་	PART
ཐ་མལ་	ཐ་མལ་	ADJ
གྱི་	གི་	PART
སྣང་བ་	སྣང་བ་	VERB
རང་	རང་	PRON
འགག་	འགག་	VERB
ཏུ་	ལ་	PART
གྱུར་	གྱུར་	VERB
།		PUNCT
སྒྲོ་	སྒྲོ་	NOUN
འདོགསཪྵཐམས་		NON_WORD
ཅད་		NON_WORD
ཅིག་ཅར་	ཅིག་ཅར་	ADV
དུ་	ལ་	PART
ཆོད་	ཆོད་	VERB
།		PUNCT
ལོ་	གོ་	PART
བདུན་	བདུན་	NUM
གྱི་	གི་	PART
དམ་བཅའ་	དམ་བཅའ་	NOUN
ཕུལ་	ཕུལ་	VERB
ཡང་	ཀྱང་	PART
ཞག་	ཞག་	NOUN
ལྔ་	ལྔ་	NUM
བལྷསྣམས་པ་	བལྷསྣམས་པ་	NON_WORD
ས་	གིས་	PART
གྲོལ་	གྲོལ་	VERB
།		PUNCT
བླ་མ་	བླ་མ་	NOUN
མཉེས་	མཉེས་	VERB
ཏེ་	སྟེ་	PART
རྒྱ་གར་	རྒྱ་གར་	PROPN
ཆུ་བོ་	ཆུ་བོ་	NOUN
གངྒཱ་	གངྒཱ་	PROPN
ཚུན་ཆད་	ཚུན་ཆད་	ADV
དུ་	ལ་	PART
རྟོགས་པ་	རྟོགས་པ་	VERB
མཐོ་བ་	མཐོ་བ་	VERB
འི་	གི་	PART
བསྔགས་བརྗོད་	བསྔགས་བརྗོད་	NO_POS
མརྡོད་		NON_WORD
།		PUNCT
བསམཡས་		NON_WORD
སུ་	ལ་	PART
ཡེ་ཤེས་	ཡེ་ཤེས་	NOUN
མཁའ་འགྲོ་	མཁའ་འགྲོ་	NOUN
ས་	གིས་	PART
གླེགས་	གླེགས་	NO_POS
བམཞིགགཏད་པ་	བམཞིགགཏད་པ་	NON_WORD
ཁོང་	ཁོང་	PRON
དུ་	ལ་	PART
བཞེས་པ་	བཞེས་པ་	VERB
ར་	ལ་	PART
རྨིས་པ་	རྨིས་པ་	VERB
འི་	གི་	PART
མོད་	མོད་	VERB
ལ་	ལ་	PART
རྒྱལ་བ་	རྒྱལ་བ་	NOUN
འི་	གི་	PART
གསུང་རབ་	གསུང་རབ་	NOUN
རྒྱ་མཚོ་	རྒྱ་མཚོ་	NOUN
ཀློང་	ཀློང་	NOUN
ན་	ནས་	PART
བརྡོལ་	བརྡོལ་	NO_POS
།		PUNCT
བདེ་	བདེ་	VERB
དགྱེས་	དགྱེས་	NO_POS
མཚན་	མཚན་	NOUN
བརྗོད་	བརྗོད་	VERB
ཀྱི་	གི་	PART
འགྲེལ་པ་	འགྲེལ་པ་	NOUN
སོགས་	སོགས་	DET
བསྟན་བཅོས་	བསྟན་བཅོས་	NOUN
མང་	མང་	VERB
དུ་	ལ་	PART
མཛད་	མཛད་	VERB
།		PUNCT
སྣ་	སྣ་	NOUN
ཕུ་	ཕུ་	VERB
རིགས་	རིགས་	NOUN
ལྔ་	ལྔ་	NUM
འི་	གི་	PART
མཁའ་འགྲོ་	མཁའ་འགྲོ་	NOUN
ས་	གིས་	PART
དབུ་རྒྱན་	དབུ་རྒྱན་	NOUN
དངོ་	དངོ་	NOUN
སུ་	ལ་	PART
ཕུལ་	ཕུལ་	VERB
ན་	ནས་	PART
རྡོ་རྗེ་	རྡོ་རྗེ་	NOUN
འཆང་	འཆང་	NO_POS
ཆེན་པོ་	ཆེན་པོ་	ADJ
འི་	གི་	PART
རྒྱལ་ཚབ་	རྒྱལ་ཚབ་	NOUN
ཏུ་	ལ་	PART
མངའ་	མངའ་	VERB
གསོལ་	གསོལ་	VERB
།		PUNCT
སྣ་	སྣ་	NOUN
ཕུ་	ཕུ་	NOUN
ཆོ་	ཆོ་	NOUN
ལུང་	ལུང་	NOUN
དུ་	ལ་	PART
གདན་ས་	གདན་ས་	NOUN
བཏབ་	བཏབ་	VERB
སྟེ་	སྟེ་	PART
ཆོས་བརྒྱུད་	ཆོས་བརྒྱུད་	NOUN
སྤེལ་བ་	སྤེལ་བ་	VERB
ལ་	ལ་	ADP
ས་	གིས་	PART
		
སྣབ་		NON_WORD
ཚོགས་	ཚོགས་	NOUN
བསམ་	བསམ་	NOUN
གྱིས་	གིས་	PART
མི་	མི་	PART
ཁྱབ་པ་	ཁྱབ་པ་	VERB
འདུ་	འདུ་	VERB
།		PUNCT
དགུང་གྲངས་	དགུང་གྲངས་	OTHER
དྲུག་ཅུ་	དྲུག་ཅུ་	NUM
རྩགཅིག་		NON_WORD
བཞེས་པ་	བཞེས་པ་	VERB
འི་	གི་	PART
ས་	ས་	ADP
སྤྲེལ་	སྤྲེལ་	NO_POS
དབྱར་ཟླ་	དབྱར་ཟླ་	NOUN
ར་བ་	ར་བ་	NOUN
འི་	གི་	PART
དམར་ཕྱོགས་	དམར་ཕྱོགས་	NO_POS
ཀྱི་	གི་	PART
རྒྱལ་བ་	རྒྱལ་བ་	NOUN
གསུམ་པ་	གསུམ་པ་	NUM
འི་	གི་	PART
ཉིན་	ཉིན་	NOUN
དགོངས་པ་	དགོངས་པ་	VERB
ཆོས་དབྱིངས་	ཆོས་དབྱིངས་	NOUN
སུ་	ལ་	PART
བསྡུ་བ་	བསྡུ་བ་	VERB
འི་	གི་	PART
ཚུལ་	ཚུལ་	NOUN
བསྟན་	བསྟན་	VERB
ཏོ་	གོ་	PART
། །		PUNCT
དེ་ལྟ་	དེ་ལྟ་	NO_POS
བུ་	བུ་	NOUN
འི་	གི་	PART
གྲུབ་ཐོབ་	གྲུབ་ཐོབ་	NOUN
ཆེན་པོ་	ཆེན་པོ་	ADJ
དེ་	སྟེ་	PART
ལ་	ལ་	PART
སློབ་མ་	སློབ་མ་	NOUN
མཐའ་ཡས་པ་	མཐའ་ཡས་པ་	ADJ
ར་	ལ་	PART
བྱོན་པ་	བྱོན་པ་	VERB
འི་	གི་	PART
ནང་	ནང་	NOUN
ན་	ནས་	PART
གཙོ་བོ་	གཙོ་བོ་	ADJ
ཆོས་རྗེ་	ཆོས་རྗེ་	NOUN
འགྲོ་བ་	འགྲོ་བ་	VERB
འི་	གི་	PART
མགོན་པོ་	མགོན་པོ་	NOUN
གཙང་པ་	གཙང་པ་	PROPN
རྒྱ་ར་	རྒྱ་ར་	NO_POS
ས་	གིས་	PART
ལ་	ལ་	PART
ངེས་པ་	ངེས་པ་	VERB
དོན་	དོན་	NOUN
གྱི་	གི་	PART
རྡོ་རྗེ་	རྡོ་རྗེ་	NOUN
འཆང་	འཆང་	NO_POS
ཆེན་པོ་	ཆེན་པོ་	ADJ
འི་	གི་	PART
རྒྱལ་ཚབ་	རྒྱལ་ཚབ་	NOUN
ཏུ་	ལ་	PART
མུ་		
༔		PUNCT
རྩ་	རྩ་	NUM
འི་	གི་	PART
		
		
ཁྱིསདབང་		NON_WORD
བསྐུར་བ་	བསྐུར་བ་	VERB
ར་	ལ་	PART
མཛྭད་པ་	མཛྭད་པ་	NON_WORD
ཡིན་	ཡིན་	NO_POS
ལ་	ལ་	PART
།		PUNCT
ཆོ་	ཆོ་	NOUN
ཀྱི་	གི་	PART
རྗེ་	རྗེ་	NO_POS
འདི་ཉིད་	འདི་ཉིད་	OTHER
འཕགས་ཡུལ་	འཕགས་ཡུལ་	NOUN
པཎ་གྲུབ་	པཎ་གྲུབ་	OTHER
ལྡོངས་	ལྡོངས་	NO_POS
ཀྱི་	གི་	PART
གཙོ་བོ་	གཙོ་བོ་	ADJ
པཎ་ཆེན་	པཎ་ཆེན་	NOUN
ནཱ་	ནཱ་	NO_POS
རོ་	རོ་	NOUN
ཏ་པ་	ཏ་པ་	OTHER
དང་	དང་	NO_POS
།		PUNCT
གངས་ཅན་	གངས་ཅན་	ADJ
བཀའ་	བཀའ་	NOUN
བརྒྱུད་	བརྒྱུད་	NO_POS
ཀུན་	ཀུན་	DET
གྱི་	གི་	PART
གཙུག་	གཙུག་	NOUN
རྒྱན་	རྒྱན་	NOUN
མཉམ་མེད་	མཉམ་མེད་	ADJ
དྭགས་པོ་	དྭགས་པོ་	OTHER
ལྷ་རྗེ་	ལྷ་རྗེ་	NOUN
གཉིས་	གཉིས་	NUM
ཀྱི་	གི་	PART
རྣམ་འཕྲུལ་	རྣམ་འཕྲུལ་	NOUN
དུ་	ལ་	PART
བྱོན་པ་	བྱོན་པ་	VERB
ར་	ལ་	PART
རྩོད་མེད་	རྩོད་མེད་	ADJ
ལུང་	ལུང་	NOUN
གིས་	གིས་	PART
གྲུབ་	གྲུབ་	VERB
ཚུལ་	ཚུལ་	NOUN
ནི་	ནི་	NO_POS
།		PUNCT
བཅོམ་ལྡན་འདས་	བཅོམ་ལྡན་འདས་	NOUN
ཀྱི་	གི་	PART
ལུང་	ལུང་	NOUN
ལ་	ལ་	ADP
ས་	གིས་	PART
།		PUNCT
ས་	ས་	ADP
ཞེ་	ཅེས་	PART
བྱ་བ་	བྱ་བ་	VERB
འི་	གི་	PART
ལུང་པ་	ལུང་པ་	NOUN
རུ་	ལ་	PART
། །		PUNCT
རྒྱ་	རྒྱ་	NOUN
ཞེ་	ཅེས་	PART
བྱ་བ་	བྱ་བ་	VERB
འི་	གི་	PART
གང་ཟག་	གང་ཟག་	NOUN
མཆོག་	མཆོག་	ADJ
།		PUNCT
ནཱ་	ནཱ་	NO_POS
རོ་	རོ་	NOUN
འི་	གི་	PART
སྤྲུལ་པ་	སྤྲུལ་པ་	VERB
འབྱུང་བ་	འབྱུང་བ་	VERB
ར་	ལ་	PART
འགྱུར་	འགྱུར་	VERB
། །		PUNCT
ཞེ་	ཅེས་	PART
དང་	དང་	NO_POS
།		PUNCT
ཨེ་	ཨེ་	PART
		
རྒྱན་	རྒྱན་	NOUN
ཆེན་པོ་	ཆེན་པོ་	ADJ
ས་	གིས་	PART
།		PUNCT
ནཱ་	ནཱ་	NO_POS
རོ་	རོ་	NOUN
པཎ་ཆེན་	པཎ་ཆེན་	NOUN
སྒྱུ་མ་	སྒྱུ་མ་	NOUN
འི་	གི་	PART
སྐུ་	སྐུ་	NOUN
སྤྲུལ་པ་	སྤྲུལ་པ་	VERB
༔		PUNCT
གཙང་པ་	གཙང་པ་	PROPN
རྒྱ་ར་	རྒྱ་ར་	NO_POS
ས་	གིས་	PART
འབྲུག་	འབྲུག་	NOUN
དང་	དང་	NO_POS
ར་	ར་	ADP
ལུང་	ལུང་	NOUN
འབྱོན་	འབྱོན་	NO_POS
༔		PUNCT
ཞེ་	ཅེས་	PART
མཚན་	མཚན་	NOUN
དང་	དང་	NO_POS
བཅས་པ་	བཅས་པ་	VERB
འི་	གི་	PART
ལུང་བསྟན་	ལུང་བསྟན་	NOUN
གསལ་བ་	གསལ་བ་	VERB
ར་	ལ་	PART
མརྡོད་པ་	མརྡོད་པ་	NON_WORD
འི་	གི་	PART
དཔལ་ལྡན་	དཔལ་ལྡན་	ADJ
འབྲུག་པ་	འབྲུག་པ་	OTHER
འདི་ཉིད་	འདི་ཉིད་	OTHER
གང་	གང་	NO_POS
དུ་	ལ་	PART
འཁྲུངས་པ་	འཁྲུངས་པ་	VERB
འི་	གི་	PART
ཡུལ་	ཡུལ་	NOUN
ནི་	ནི་	NO_POS
།		PUNCT
བོད་	བོད་	PROPN
དབུ་	དབུ་	NOUN
གཙང་	གཙང་	PROPN
གཉིས་	གཉིས་	NUM
སུ་	ལ་	PART
ཕྱེ་བ་	ཕྱེ་བ་	VERB
འི་	གི་	PART
གཙང་	གཙང་	PROPN
ཕྱོགས་	ཕྱོགས་	NOUN
ཧ་བོ་	ཧ་བོ་	NOUN
འི་	གི་	PART
གངས་	གངས་	NOUN
བཟང་	བཟང་	VERB
གི་	གི་	PART
མགུལ་	མགུལ་	NOUN
མྱང་སྟོད་	མྱང་སྟོད་	NO_POS
ས་	ས་	ADP
རལ་	རལ་	NO_POS
ཞེས་་	ཞེས་པ་	PART
འི་	གི་	PART
ཡུལ་	ཡུལ་	NOUN
གྱི་	གི་	PART
ཆ་	ཆ་	NOUN
ར་	ལ་	PART
།		PUNCT
གང་	གང་	NO_POS
ལ་	ལ་	ADP
ས་	གིས་	PART
འཁྲུངས་པ་	འཁྲུངས་པ་	VERB
འི་	གི་	PART
གདུང་	གདུང་	NOUN
ནི་	ནི་	NO_POS
ཇོ་བོ་	ཇོ་བོ་	NOUN
ཤཱཀྱ་	ཤཱཀྱ་	PROPN
མུ་	མུ་	NOUN
ནེེ་		NON_WORD
གདན་འདྲེན་པ་	གདན་འདྲེན་པ་	NOUN
འི་	གི་	PART
རྒྱ་ནག་པོ་	རྒྱ་ནག་པོ་	PROPN
འི་	གི་	PART
གྱད་སྟོབས་པོ་	གྱད་སྟོབས་པོ་	NO_POS
ཆེ་	ཆེ་	VERB
ལྷ་	ལྷ་	NOUN
དག་	དགའ་	VERB
འི་	གི་	PART
གདུང་རབས་	གདུང་རབས་	NOUN
ལ་	ལ་	ADP
ས་	གིས་	PART
།		PUNCT
རྒྱ་	རྒྱ་	NOUN
ཟུར་པོ་	ཟུར་པོ་	NOUN
ཚབ་	ཚབ་	NOUN
པེ་	པེ་	NO_POS
དང་	དང་	NO_POS
།		PUNCT
ཡུམ་	ཡུམ་	NOUN
མ་	མ་	NOUN
བཟའ་	བཟའ་	NOUN
ད་	ད་	NOUN
སྐྱེད་	སྐྱེད་	VERB
གཉིས་	གཉིས་	NUM
ལ་	ལ་	PART
སྲ་	སྲ་	NOUN
བདུན་	བདུན་	NUM
བྱུང་བ་	བྱུང་བ་	VERB
འི་	གི་	PART
ཆུང་	ཆུང་	VERB
ཤོ་	ཤོ་	VERB
སུ་	ལ་	PART
།		PUNCT
དུས་འཁོར་	དུས་འཁོར་	PROPN
ལུགས་	ལུགས་	NOUN
ཀྱི་	གི་	PART
སྟོན་	སྟོན་	VERB
པའིའདས་		NON_WORD
ལོ་	གོ་	PART
ཉི་	ཉི་	NUM
སྟོང་	སྟོང་	NUM
བརྒྱ་	བརྒྱ་	NUM
མེད་	མེད་	VERB
སུམ་ཅུ་	སུམ་ཅུ་	OTHER
སོ་	གོ་	PART
དགུ་	དགུ་	NUM
དང་	དང་	NO_POS
།		PUNCT
སྤྱི་ལོ་	སྤྱི་ལོ་	NOUN
ཆིག་སྟོང་	ཆིག་སྟོང་	NO_POS
ཆིག་བརྒྱ་	ཆིག་བརྒྱ་	NO_POS
དྲུག་ཅུ་	དྲུག་ཅུ་	NUM
རེ་གཅིག་པ་	རེ་གཅིག་པ་	NO_POS
།		PUNCT
རབ་བྱུང་	རབ་བྱུང་	NOUN
གསུམ་པ་	གསུམ་པ་	NUM
འི་	གི་	PART
ནང་ཚན་	ནང་ཚན་	OTHER
ཁྱུ་མཆོག་	ཁྱུ་མཆོག་	NOUN
ཅེས་པ་	ཅེས་པ་	PART
ལྕགས་མོ་	ལྕགས་མོ་	NO_POS
སྦྲུལ་	སྦྲུལ་	NOUN
གྱི་	གི་	PART
ལོ་	གོ་	PART
དབྱར་	དབྱར་	ADV
ར་	ར་	ADP
སྣྲོན་		NON_WORD
གྱིས་	གིས་	PART
ཉ་བ་	ཉ་བ་	VERB
འི་	གི་	PART
སྔ་དྲོ་	སྔ་དྲོ་	ADV
ལ་	ལ་	PART
རྨུ་	རྨུ་	NO_POS
མུ་		
		
རྩ་	རྩ་	NUM
		
་༔༔་་		PUNCT
ཀྱིཞིསབལྟམས་		NON_WORD
།		PUNCT
འཁྲུངས་	འཁྲུངས་	NO_POS
མ་	མ་	PART
ཐག་	ཐག་	VERB
ཏུ་	ལ་	PART
གྲུབ་ཆེན་	གྲུབ་ཆེན་	NOUN
ལྭ་བ་	ལྭ་བ་	NOUN
འི་	གི་	PART
ན་བཟའ་	ན་བཟའ་	NOUN
ཅན་	ཅན་	PART
གྱིས་	གིས་	PART
ཐང་དཀར་	ཐང་དཀར་	NO_POS
དུ་	ལ་	PART
སྤྲུལ་	སྤྲུལ་	VERB
ཏེ་	སྟེ་	PART
སྲུང་བ་	སྲུང་བ་	VERB
འི་	གི་	PART
མ་མ་	མ་མ་	NOUN
མརྡོད་		NON_WORD
།		PUNCT
གཞོན་ནུ་	གཞོན་ནུ་	ADJ
འི་	གི་	PART
དུས་	དུས་	NOUN
ན་	ནས་	PART
ཨོ་རྒྱན་	ཨོ་རྒྱན་	PROPN
ཆེན་པོ་	ཆེན་པོ་	ADJ
འི་	གི་	PART
ལུང་བསྟན་	ལུང་བསྟན་	NOUN
ལྟ་	ལྟ་	OTHER
ཕ་བོང་	ཕ་བོང་	NOUN
ཤོ་	ཤོ་	NOUN
འདྲ་	འདྲ་	VERB
འི་	གི་	PART
ཁ་	ཁ་	PRON
ན་	ནས་	PART
ཆོ་	ཆོ་	NOUN
འཆད་	འཆད་	VERB
མརྡོད་པ་	མརྡོད་པ་	NON_WORD
འི་	གི་	PART
ལད་མོ་	ལད་མོ་	NO_POS
མཛྭད་		NON_WORD
དེ་	སྟེ་	PART
རྡོ་	རྡོ་	NOUN
ལ་	ལ་	PART
ཞབས་	ཞབས་	NOUN
ཀྱི་	གི་	PART
པདྨོ་		NON_WORD
གསལ་བ་	གསལ་བ་	VERB
ར་	ལ་	PART
བཀོད་	བཀོད་	VERB
།		PUNCT
དགུང་ལོ་	དགུང་ལོ་	NOUN
བཅུ་གཉིས་	བཅུ་གཉིས་	NO_POS
ན་	ནས་	PART
སློབ་པ་	སློབ་པ་	VERB
འི་	གི་	PART
གྲ་	གྲ་	NOUN
ར་	ལ་	PART
ཞུགས་	ཞུགས་	VERB
ཏེ་	སྟེ་	PART
དགུང་གྲངས་	དགུང་གྲངས་	OTHER
བཅུ་ཕྲག་	བཅུ་ཕྲག་	NO_POS
གཉིས་	གཉིས་	NUM
དང་	དང་	NO_POS
གཉིས་	གཉིས་	NUM
ཀྱི་	གི་	PART
བ་	བ་	NOUN
དུ་	ལ་	PART
མཁའ་	མཁའ་	VERB
ཐོག་	ཐོག་	NOUN
ཆོད་པ་	ཆོད་པ་	VERB
ར་	ལ་	PART
མཛད་	མཛད་	VERB
དེ་	སྟེ་	PART
མདོ་སྔགས་	མདོ་སྔགས་	NOUN
གཞུང་ལུགས་	གཞུང་ལུགས་	NOUN
ར་བ་	ར་བ་	NOUN
འབྱམས་	འབྱམས་	NO_POS
སྨྲ་བ་	སྨྲ་བ་	VERB
ཡོངས་	ཡོངས་	DET
ཀྱི་	གི་	PART
རྩེ་མོ་	རྩེ་མོ་	NOUN
ར་	ལ་	PART
སོན་	སོན་	VERB
།		PUNCT
དགུང་གྲངས་	དགུང་གྲངས་	OTHER
ཉེ་	ཉེ་	NUM
གསུམལ་		NON_WORD
སྣ་	སྣ་	NOUN
ཕུ་	ཕུ་	VERB
གྲུབ་ཐོབ་	གྲུབ་ཐོབ་	NOUN
ཆེན་པོ་	ཆེན་པོ་	ADJ
འི་	གི་	PART
ཞབས་	ཞབས་	NOUN
ལ་	ལ་	PART
གཏུགས་	གཏུགས་	VERB
ཏེ་ལོ་	ཏེ་ལོ་	PROPN
དྲུག་	དྲུག་	NUM
གི་	གི་	PART
བ་	བ་	NOUN
དུ་	ལ་	PART
ཐུགས་	ཐུགས་	NOUN
ཡིད་	ཡིད་	NOUN
འདྲེས་པ་	འདྲེས་པ་	VERB
ར་	ལ་	PART
བསྟེན་	བསྟེན་	VERB
།		PUNCT
དེ་ནས་	དེ་ནས་	NO_POS
ལྷོ་བྲག་	ལྷོ་བྲག་	PROPN
མཁའ་	མཁའ་	NOUN
ཆུ་		
ལོ་	གོ་	PART
གསུམ་	གསུམ་	NUM
སྙིང་པོ་	སྙིང་པོ་	NOUN
འི་	གི་	PART
སྒྲུབ་	སྒྲུབ་	VERB
ལ་	ལ་	PART
གཞོལ་བ་	གཞོལ་བ་	VERB
ས་	གིས་	PART
མེ་ཏོག་	མེ་ཏོག་	NOUN
གཞུ་	གཞུ་	NOUN
ཅན་	ཅན་	PART
དཔྱྀང་		NON_WORD
ལ་	ལ་	ADP
ས་	གིས་	PART
རྒྱལ་	རྒྱལ་	VERB
ན་	ནས་	PART
སྒོམ་	སྒོམ་	VERB
མེད་རྟོགས་པ་	མེད་རྟོགས་པ་	NO_POS
འི་	གི་	PART
རྒྱལ་ས་	རྒྱལ་ས་	OTHER
བདག་	བདག་	PRON
གིར་		NON_WORD
བཞེས་	བཞེས་	VERB
།		PUNCT
ཡང་	ཀྱང་	PART
འཐུང་	འཐུང་	NO_POS
སྤྱོད་	སྤྱོད་	VERB
གྲོང་	གྲོང་	NOUN
དུ་	ལ་	PART
སྐྲེརྟུལ་		NON_WORD
ཞུགས་	ཞུགས་	VERB
ཀྱི་	གི་	PART
སྤྱོད་པ་	སྤྱོད་པ་	VERB
ས་	གིས་	PART
གནས་	གནས་	NOUN
སྒོ་	སྒོ་	NOUN
འབྱེད་	འབྱེད་	VERB
དེ་	སྟེ་	PART
འཁོར་	འཁོར་	NOUN
ཕོ་	ཕོ་	NOUN
སྡོམ་པ་	སྡོམ་པ་	NOUN
ཡབ་ཡུམ་	ཡབ་ཡུམ་	NOUN
གྱི་	གི་	PART
ཞལ་གཟིགས་	ཞལ་གཟིགས་	NO_POS
ན་	ནས་	PART
ལུང་བསྟན་	ལུང་བསྟན་	NOUN
ཐོབ་	ཐོབ་	VERB
།		PUNCT
ཤིང་སྡོང་	ཤིང་སྡོང་	NOUN
ཁ་	ཁ་	PRON
ཊྭཱཾ་		NON_WORD
ཅན་	ཅན་	PART
དུ་	ལ་	PART
གཞོལ་	གཞོལ་	NO_POS
ན་	ནས་	PART
སྐྱེལ་	སྐྱེལ་	NO_POS
ཀྲུང་	ཀྲུང་	NO_POS
གཅིག་	གཅིག་	NUM
གིས་	གིས་	PART
ཟླ་བ་	ཟླ་བ་	NOUN
གསུམ་	གསུམ་	NUM
བརྟོལ་བ་	བརྟོལ་བ་	VERB
འི་	གི་	PART
ཚེ་	ཚེ་	NOUN
བདེ་གཤེགས་	བདེ་གཤེགས་	NOUN
དཔའ་བོ་	དཔའ་བོ་	NOUN
བདུན་	བདུན་	NUM
མངོན་སུམ་	མངོན་སུམ་	NOUN
དུ་	ལ་	PART
བྱོན་	བྱོན་	VERB
ན་	ནས་	PART
རྟེན་འབྲེལ་	རྟེན་འབྲེལ་	NOUN
གྱི་	གི་	PART
ཆོ་	ཆོ་	NOUN
གསན་	གསན་	NO_POS
།		PUNCT
ནང་	ནང་	NOUN
དུ་	ལ་	PART
དོན་དམ་	དོན་དམ་	NOUN
གཟིགས་པ་	གཟིགས་པ་	VERB
འི་	གི་	PART
དགེ་སློང་	དགེ་སློང་	NOUN
མངོན་དུ་	མངོན་དུ་	NO_POS
གྱུར་	གྱུར་	VERB
ཀྱང་	ཀྱང་	PART
ད་དུང་	ད་དུང་	ADV
ཕྱི་	ཕྱི་	NOUN
འི་	གི་	PART
བསྟན་པ་	བསྟན་པ་	VERB
འི་	གི་	PART
དམིགས་རྐྱེན་	དམིགས་རྐྱེན་	NO_POS
ལ་	ལ་	PART
དགོངས་	དགོངས་	VERB
ཏེ་	སྟེ་	PART
དགུང་གྲངས་	དགུང་གྲངས་	OTHER
སོ་	གོ་	PART
གསུམབཞེས་		NON_WORD
དུས་	དུས་	NOUN
བླ་	བླ་	NOUN
མཞང་		NON_WORD
ལ་	ལ་	ADP
ས་	གིས་	PART
ཚིགས་	ཚིགས་	NOUN
གསུམཆིག་		NON_WORD
རྗོགས་		NON_WORD
མུཐོ་		NON_WORD
༔		PUNCT
རྩ་	རྩ་	NUM
འི་	གི་	PART
རྭ་	རྭ་	NOUN
		
༔༔		PUNCT
གྲོཁུཁྱིསུ་		NON_WORD
བཞེས་	བཞེས་	VERB
།		PUNCT
གནམ་	གནམ་	NOUN
ཕུ་	ཕུ་	NOUN
བྱང་ཆུབ་	བྱང་ཆུབ་	NOUN
གླིང་	གླིང་	NOUN
དུ་	ལ་	PART
བྱོན་པ་	བྱོན་པ་	VERB
འི་	གི་	PART
ཚེ་	ཚེ་	NOUN
གནས་	གནས་	NOUN
དེ་	དེ་	DET
ར་	ལ་	PART
འབྲུག་	འབྲུག་	NOUN
དགུ་	དགུ་	NUM
བབ་	བབ་	VERB
འདུག་པ་	འདུག་པ་	VERB
གཟིགས་པ་	གཟིགས་པ་	VERB
འི་	གི་	PART
མོད་	མོད་	VERB
ལ་	ལ་	PART
།		PUNCT
འབྲུག་སྒྲ་	འབྲུག་སྒྲ་	NOUN
བསྒྲགས་	བསྒྲགས་	NO_POS
ཏེ་	སྟེ་	PART
འཕུར་བ་	འཕུར་བ་	VERB
འི་	གི་	PART
རྟེན་འབྲེལ་	རྟེན་འབྲེལ་	NOUN
གྱིས་	གིས་	PART
གནས་	གནས་	NOUN
དང་	དང་	NO_POS
ཆོ་	ཆོ་	NOUN
ལ་	ལ་	PART
འབྲུག་	འབྲུག་	NOUN
གི་	གི་	PART
མིང་	མིང་	NOUN
ལ་	ལ་	ADP
ས་	གིས་	PART
གྲ་	གྲ་	OTHER
ཏེ་	སྟེ་	PART
མཚན་	མཚན་	NOUN
འདོགས་པ་	འདོགས་པ་	VERB
ར་	ལ་	PART
མརྡོད་		NON_WORD
།		PUNCT
རྗེ་	རྗེ་	NO_POS
དུས་གསུམ་	དུས་གསུམ་	OTHER
མཁྱེན་པ་	མཁྱེན་པ་	VERB
དང་	དང་	NO_POS
།		PUNCT
གྲུབ་ཐོབ་	གྲུབ་ཐོབ་	NOUN
གླིང་	གླིང་	NOUN
།		PUNCT
བླ་མ་	བླ་མ་	NOUN
ཞང་	ཞང་	PROPN
གི་	གི་	PART
ལུང་བསྟན་	ལུང་བསྟན་	NOUN
བཞིན་	བཞིན་	NOUN
འབྲུག་	འབྲུག་	NOUN
དང་	དང་	NO_POS
ར་	ར་	ADP
ལུང་	ལུང་	NOUN
ཀློང་རྡོལ་	ཀློང་རྡོལ་	OTHER
གསུམ་	གསུམ་	NUM
ལ་	ལ་	PART
གདན་ས་	གདན་ས་	NOUN
རིམ་པ་	རིམ་པ་	NOUN
ར་	ལ་	PART
བཏབ་	བཏབ་	VERB
།		PUNCT
དེ་དག་	དེ་དག་	OTHER
ཏུ་	ལ་	PART
བཀའ་	བཀའ་	NOUN
བརྒྱུད་	བརྒྱུད་	NO_POS
ཀུན་	ཀུན་	DET
གྱི་	གི་	PART
རིང་ལུགས་	རིང་ལུགས་	OTHER
སྙིང་པོ་	སྙིང་པོ་	NOUN
འི་	གི་	PART
བཅུད་	བཅུད་	NOUN
བསྡུ་	བསྡུ་	VERB
ཏེ་	སྟེ་	PART
གདམས་ངག་	གདམས་ངག་	NOUN
སྡོང་པོ་	སྡོང་པོ་	NOUN
གསུམ་	གསུམ་	NUM
དུ་	ལ་	PART
དྲིལ་	དྲིལ་	VERB
ན་	ནས་	PART
སྤེལ་བ་	སྤེལ་བ་	VERB
ར་	ལ་	PART
མཛད་པ་	མཛད་པ་	VERB
འི་	གི་	PART
བཀའ་	བཀའ་	NOUN
བརྒྱུད་	བརྒྱུད་	NO_POS
ཀྱི་	གི་	PART
བསྟན་པ་	བསྟན་པ་	VERB
བྱ་རྒོད་	བྱ་རྒོད་	NOUN
ཀྱི་	གི་	PART
ཉིན་ལམ་	ཉིན་ལམ་	NOUN
བཅོ་བརྒྱད་	བཅོ་བརྒྱད་	NO_POS
ཀྱི་	གི་	PART
བ་	བ་	NOUN
དུ་	ལ་	PART
ཁྱབ་	ཁྱབ་	VERB
ཅིང་	ཅིང་	PART
དར་རྒྱས་	དར་རྒྱས་	NOUN
བྱུང་	བྱུང་	VERB
།		PUNCT
གཞན་	གཞན་	DET
ཡང་	ཀྱང་	PART
ཐབས་ལམ་	ཐབས་ལམ་	NOUN
གྱི་	གི་	PART
སྐོར་	སྐོར་	NOUN
ལ་	ལ་	PART
།		PUNCT
འཕྲལ་དགོས་	འཕྲལ་དགོས་	NO_POS
ཀྱི་	གི་	PART
ཆོ་	ཆོ་	NOUN
བཞི་	བཞི་	NUM
།		PUNCT
སྒྲུབ་ཐབས་	སྒྲུབ་ཐབས་	NOUN
སྐོར་	སྐོར་	NOUN
ལྔ་	ལྔ་	NUM
།		PUNCT
ཀུན་	ཀུན་	DET
ལ་	ལ་	PART
གཅེས་པ་	གཅེས་པ་	VERB
ལམཟབམོ་		NON_WORD
བླ་མ་	བླ་མ་	NOUN
འི་	གི་	PART
སྒྲུབ་པ་	སྒྲུབ་པ་	VERB
རྣམས་	རྣམས་	DET
ཀྱིས་	གིས་	PART
སྨིན་	སྨིན་	VERB
ཅིང་	ཅིང་	PART
སྒྲོལ་བ་	སྒྲོལ་བ་	VERB
ར་	ལ་	PART
མཛད་པ་	མཛད་པ་	VERB
འི་	གི་	PART
སློབ་	སློབ་	VERB
ཡོགངྒཱའི་		NON_WORD
རྡུལ་	རྡུལ་	NOUN
སྙེད་	སྙེད་	DET
ཀྱི་	གི་	PART
གྲངས་	གྲངས་	NOUN
དང་	དང་	NO_POS
མཉམཔའི་		NON_WORD
འཁོར་	འཁོར་	NOUN
འགྱེད་	འགྱེད་	VERB
ལན་	ལན་	NOUN
གསུམདུ་		NON_WORD
བཀྱེ་བ་	བཀྱེ་བ་	VERB
ར་	ལ་	PART
མཛད་པ་	མཛད་པ་	VERB
ས་	གིས་	PART
རབ་	རབ་	ADV
རྣམས་	རྣམས་	DET
ལྷ་	ལྷ་	NOUN
འི་	གི་	PART
འཇིག་རྟེན་	འཇིག་རྟེན་	NOUN
དང་	དང་	NO_POS
།		PUNCT
ཀླུ་	ཀླུ་	NOUN
འི་	གི་	PART
འཇིག་རྟེན་	འཇིག་རྟེན་	NOUN
།		PUNCT
མི་	མི་	PART
འི་	གི་	PART
འཇིག་རྟེན་	འཇིག་རྟེན་	NOUN
གྱི་	གི་	PART
གླིང་	གླིང་	NOUN
གཞན་	གཞན་	DET
དང་	དང་	NO_POS
གཞན་	གཞན་	DET
དུ་	ལ་	PART
བྱོན་	བྱོན་	VERB
།		PUNCT
འབྲིང་	འབྲིང་	NOUN
རྣམས་	རྣམས་	DET
ཨུ་རྒྱན་	ཨུ་རྒྱན་	PROPN
ཡུལ་	ཡུལ་	NOUN
དང་	དང་	NO_POS
།		PUNCT
ཤམྦྷ་		NON_WORD
ལ་	ལ་	PART
།		PUNCT
སིངྒ་		NON_WORD
ལ་	ལ་	PART
།		PUNCT
གསེར་	གསེར་	NOUN
གླིང་	གླིང་	NOUN
།		PUNCT
ཟངས་གླིང་	ཟངས་གླིང་	PROPN
སོགས་	སོགས་	DET
ལ་	ལ་	PART
བྱོན་	བྱོན་	VERB
།		PUNCT
ཐ་	ཐ་	NOUN
མརྣམས་		NON_WORD
ཡུལ་གངས་ཅན་	ཡུལ་གངས་ཅན་	NO_POS
དང་	དང་	NO_POS
ཉེབའིགནས་		NON_WORD
རྣམས་	རྣམས་	DET
དང་	དང་	NO_POS
།		PUNCT
རྒྱ་གར་	རྒྱ་གར་	PROPN
རྒྱ་ནག་	རྒྱ་ནག་	PROPN
སོགས་	སོགས་	DET
ལ་	ལ་	PART
བྱོན་པ་	བྱོན་པ་	VERB
ས་	གིས་	PART
མི་	མི་	PART
ཕྱེད་	ཕྱེད་	NUM
འབྲུག་པ་	འབྲུག་པ་	OTHER
།		PUNCT
འབྲུག་	འབྲུག་	NOUN
ཕྱེད་	ཕྱེད་	NUM
སྤྲང་པོ་	སྤྲང་པོ་	NOUN
།		PUNCT
སྤྲང་	སྤྲང་	NO_POS
ཕྱེད་	ཕྱེད་	NUM
གྲུབ་ཐོབ་	གྲུབ་ཐོབ་	NOUN
ཅེས་	ཅེས་	PART
པྱེགྲོའི་		NON_WORD
		
གྲོའིགྱིཀུན་		NON_WORD
ལ་	ལ་	PART
རླུང་	རླུང་	NOUN
ལྟ་	ལྟ་	OTHER
གྲག་	གྲག་	VERB
སོ་	གོ་	PART
། །		PUNCT
དགུང་གྲངས་	དགུང་གྲངས་	OTHER
ལྔ་	ལྔ་	NUM
བཅུ་	བཅུ་	NUM
རྩགཅིག་		NON_WORD
བཞེས་པ་	བཞེས་པ་	VERB
འི་	གི་	PART
སྟོན་	སྟོན་	VERB
ཟླ་	ཟླ་	NOUN
ར་བ་	ར་བ་	NOUN
འི་	གི་	PART
ཚེ་	ཚེ་	NOUN
ལྔ་	ལྔ་	NUM
ལ་	ལ་	PART
གདན་ས་	གདན་ས་	NOUN
ཆེན་པོ་	ཆེན་པོ་	ADJ
འབྲུག་	འབྲུག་	NOUN
སེ་བ་	སེ་བ་	NOUN
བྱང་ཆུབ་	བྱང་ཆུབ་	NOUN
གླིང་	གླིང་	NOUN
དུ་	ལ་	PART
ངོ་མཚར་བ་	ངོ་མཚར་བ་	ADJ
འི་	གི་	PART
		
ལྟ་	ལྟ་	NOUN
དུ་མ་	དུ་མ་	ADJ
དང་	དང་	NO_POS
བཅའ་	བཅའ་	VERB
མྱ་ངན་	མྱ་ངན་	NOUN
ལ་	ལ་	ADP
ས་	གིས་	PART
འདས་པ་	འདས་པ་	VERB
འི་	གི་	PART
ཚུལ་	ཚུལ་	NOUN
བསྟན་	བསྟན་	VERB
ཏོ་	གོ་	PART
། །		PUNCT
ཞལ་	ཞལ་	NOUN
བློབ་		NON_WORD
བུ་ཆེན་	བུ་ཆེན་	NOUN
གྱི་	གི་	PART
གཙོ་པོ་	གཙོ་པོ་	NOUN
		
རྒྱལ་བ་	རྒྱལ་བ་	NOUN
རྒོད་ཚང་པ་	རྒོད་ཚང་པ་	NOUN
ལ་	ལ་	ADP
ས་	གིས་	PART
སྟོད་	སྟོད་	NOUN
འབྲུག་	འབྲུག་	NOUN
གནམ་	གནམ་	NOUN
གྱི་	གི་	PART
སྐར་མ་	སྐར་མ་	NOUN
དང་	དང་	NO_POS
།		PUNCT
		
རྒྱལ་བ་	རྒྱལ་བ་	NOUN
ལོ་	གོ་	PART
རས་པ་	རས་པ་	NOUN
ལ་	ལ་	ADP
ས་	གིས་	PART
སྨད་	སྨད་	NOUN
འབྲུག་	འབྲུག་	NOUN
ས་	ས་	ADP
ཡི་	གི་	PART
དྲེག་པ་	དྲེག་པ་	NO_POS
།		PUNCT
དབོན་	དབོན་	NO_POS
ར་	ར་	NOUN
དར་མ་	དར་མ་	PROPN
སེང་གེ་	སེང་གེ་	NOUN
སོགས་	སོགས་	DET
ལ་	ལ་	ADP
ས་	གིས་	PART
བ་	བ་	NOUN
འབྲུག་	འབྲུག་	NOUN
ཉི་ཟེར་	ཉི་ཟེར་	OTHER
གྱི་	གི་	PART
རྡུལ་	རྡུལ་	NOUN
ཞེ་	ཅེས་	PART
མང་བ་	མང་བ་	VERB
འི་	གི་	PART
ཚད་	ཚད་	NOUN
དུ་	ལ་	PART
གྲགས་པ་	གྲགས་པ་	VERB
ས་	གིས་	PART
དེ་དག་	དེ་དག་	OTHER
རེ་རེ་	རེ་རེ་	DET
འི་	གི་	PART
ལོ་རྒྱུས་	ལོ་རྒྱུས་	NOUN
རེ་ཞིག་	རེ་ཞིག་	NO_POS
ཡི་གེ་	ཡི་གེ་	NOUN
མང་བ་	མང་བ་	VERB
ར་	ལ་	PART
དོགས་	དོགས་	NO_POS
ན་	ནས་	PART
བཞག་	བཞག་	VERB
ལ་	ལ་	PART
།		PUNCT
ད་ལམ་	ད་ལམ་	NO_POS
གྱི་	གི་	PART
སྐབས་	སྐབས་	NOUN
སུ་	ལ་	PART
བབ་པ་	བབ་པ་	VERB
		
རྒྱལ་བ་	རྒྱལ་བ་	NOUN
ལོ་	གོ་	PART
རས་པ་	རས་པ་	NOUN
གྲགས་པ་	གྲགས་པ་	VERB
དབང་ཕྱུག་	དབང་ཕྱུག་	NOUN
གི་	གི་	PART
རྣམཐར་		NON_WORD
ནི་	ནི་	NO_POS
།		PUNCT
འགྲོ་མགོན་	འགྲོ་མགོན་	NOUN
གཙང་པ་	གཙང་པ་	PROPN
རྒྱ་ར་	རྒྱ་ར་	NO_POS
ས་	གིས་	PART
ཀྱི་	གི་	PART
སློབ་མ་	སློབ་མ་	NOUN
སྨད་	སྨད་	NOUN
འབྲུག་	འབྲུག་	NOUN
བསྟན་པ་	བསྟན་པ་	VERB
འི་	གི་	PART
སྲོལ་འབྱེད་	སྲོལ་འབྱེད་	NOUN
ལོ་	གོ་	PART
ར་	ར་	NOUN
གྲགས་པ་	གྲགས་པ་	VERB
དབང་ཕྱུག་	དབང་ཕྱུག་	NOUN
ནི་	ནི་	NO_POS
གདུང་	གདུང་	NOUN
ལོ་	གོ་	PART
།		PUNCT
ཡབ་	ཡབ་	NOUN
རྣལ་འབྱོར་	རྣལ་འབྱོར་	NOUN
ཤེས་རབ་	ཤེས་རབ་	NOUN
དང་	དང་	NO_POS
ཡུམ་	ཡུམ་	NOUN
མེ་	མེ་	NOUN
བཟའ་	བཟའ་	NOUN
སྐྱེད་	སྐྱེད་	VERB
ཀྱི་	གི་	PART
སྲ་	སྲ་	NOUN
སུ་	ལ་	PART
རབ་བྱུང་	རབ་བྱུང་	NOUN
གསུམཔའི་		NON_WORD
མེ་མོ་	མེ་མོ་	NO_POS
ལུག་	ལུག་	NOUN
ལ་	ལ་	PART
		
		
		
སྐུ་	སྐུ་	NOUN
འཁྲུངས་	འཁྲུངས་	NO_POS
།		PUNCT
ཆུང་ངུ་	ཆུང་ངུ་	ADJ
ན་	ནས་	PART
ཆོ་	ཆོ་	NOUN
ཀྱི་	གི་	PART
བག་ཆགས་	བག་ཆགས་	NOUN
གགཏོགས་		NON_WORD
བྱིས་པ་	བྱིས་པ་	NOUN
གཞན་	གཞན་	DET
གྱི་	གི་	PART
རྩེད་མོ་	རྩེད་མོ་	NOUN
འི་	གི་	PART
ཟླ་	ཟླ་	NOUN
ལ་	ལ་	ADP
འང་	ཀྱང་	PART
མི་	མི་	PART
བཞུགས་	བཞུགས་	VERB
།		PUNCT
ལོ་	གོ་	PART
གསུམ་	གསུམ་	NUM
བཞི་	བཞི་	NUM
ན་	ནས་	PART
འབྲི་	འབྲི་	VERB
ཀློག་	ཀློག་	VERB
མཁྱེན་	མཁྱེན་	VERB
།		PUNCT
ལོ་	གོ་	PART
བཅུ་དྲུག་	བཅུ་དྲུག་	NO_POS
ལ་	ལ་	PART
ཆོས་རྗེ་	ཆོས་རྗེ་	NOUN
གཙང་པ་	གཙང་པ་	PROPN
རྒྱ་ར་	རྒྱ་ར་	NO_POS
ས་	གིས་	PART
གཞུང་	གཞུང་	NOUN
དུ་	ལ་	PART
བྱོན་པ་	བྱོན་པ་	VERB
ལ་	ལ་	PART
དད་པ་	དད་པ་	VERB
ཐོབབསྙེན་		NON_WORD
བཀུར་	བཀུར་	VERB
རྒྱ་	རྒྱ་	NOUN
ཆེ་	ཆེ་	VERB
ར་	ལ་	PART
བྱ་	བྱ་	VERB
།		PUNCT
སྐྱོ་	སྐྱོ་	VERB
མོ་ལུང་	མོ་ལུང་	NO_POS
དུ་	ལ་	PART
མཁན་པོ་	མཁན་པོ་	NOUN
སྤལ་		NON_WORD
རི་	རི་	NOUN
ལ་	ལ་	ADP
ས་	གིས་	PART
རབ་ཏུ་	རབ་ཏུ་	NO_POS
བྱུང་	བྱུང་	VERB
།		PUNCT
མཚན་	མཚན་	NOUN
གྲགས་པ་	གྲགས་པ་	VERB
དབང་ཕྱུག་	དབང་ཕྱུག་	NOUN
ཅེས་	ཅེས་	PART
གསོལ་	གསོལ་	VERB
།		PUNCT
སྲ་	སྲ་	NOUN
གཅིག་	གཅིག་	NUM
ལ་	ལ་	ADP
ས་	གིས་	PART
མེད་པ་	མེད་པ་	VERB
ས་	གིས་	PART
ཉེ་བ་	ཉེ་བ་	VERB
རྣམས་	རྣམས་	DET
ཀྱིས་	གིས་	PART
བག་མ་	བག་མ་	NOUN
བསུས་	བསུས་	VERB
ཀྱང་	ཀྱང་	PART
ལུས་	ལུས་	NOUN
		
རྩ་	རྩ་	NUM
		
ཐེ་	ཐེ་	NO_POS
		
རྩའིཁུཁྱིམ་		NON_WORD
ཆགས་པ་	ཆགས་པ་	VERB
ར་	ལ་	PART
སླ་	སླ་	ADV
ཆོས་རྗེ་	ཆོས་རྗེ་	NOUN
འི་	གི་	PART
སྤྱན་སྔ་	སྤྱན་སྔ་	PROPN
ར་	ལ་	PART
བྲོ་	བྲོ་	VERB
།		PUNCT
གཏུམ་མོ་	གཏུམ་མོ་	NOUN
སོགས་	སོགས་	DET
ཀྱི་	གི་	PART
ཁྲིད་	ཁྲིད་	VERB
རྣམས་	རྣམས་	DET
ཞུས་པ་	ཞུས་པ་	VERB
ས་	གིས་	PART
དེ་ནས་	དེ་ནས་	NO_POS
ན་བཟའ་	ན་བཟའ་	NOUN
རས་རྐྱང་	རས་རྐྱང་	NO_POS
མརྡོད་		NON_WORD
།		PUNCT
དེ་	དེ་	DET
འི་	གི་	PART
སྟོན་	སྟོན་	VERB
དེ་	སྟེ་	PART
ཆོས་རྗེ་	ཆོས་རྗེ་	NOUN
གོང་མ་	གོང་མ་	ADJ
ཡུལ་	ཡུལ་	NOUN
དུ་	ལ་	PART
སྤྱན་	སྤྱན་	NOUN
དྲངས་	དྲངས་	NO_POS
ཆོས་འཁོར་	ཆོས་འཁོར་	NOUN
བསྐོར་	བསྐོར་	VERB
།		PUNCT
ཉེ་འབྲེལ་	ཉེ་འབྲེལ་	NO_POS
རྣམས་	རྣམས་	DET
ཀྱིས་	གིས་	PART
ཆོས་རྗེ་	ཆོས་རྗེ་	NOUN
རྒྱ་ར་	རྒྱ་ར་	NO_POS
ས་	གིས་	PART
ལ་	ལ་	PART
ཁྱེམ་	ཁྱེམ་	NOUN
ཐབས་	ཐབས་	NOUN
ལ་	ལ་	PART
འབབས་པ་	འབབས་པ་	NON_WORD
འི་	གི་	PART
བཀའ་	བཀའ་	NOUN
གནང་	གནང་	NO_POS
དབེ་		NON_WORD
༑		PUNCT
ས་	ས་	ADP
ཞུས་པ་	ཞུས་པ་	VERB
ས་	གིས་	PART
།		PUNCT
ཆོས་རྗེ་	ཆོས་རྗེ་	NOUN
ས་	གིས་	PART
གཏམ་ལན་	གཏམ་ལན་	OTHER
ལོ་	གོ་	PART
ར་	ར་	NOUN
རང་	རང་	PRON
གི་	གི་	PART
འདེབས་པ་	འདེབས་པ་	VERB
ཞུས་པ་	ཞུས་པ་	VERB
ས་	གིས་	PART
།		PUNCT
ང་	ང་	PRON
འཆི་བ་	འཆི་བ་	VERB
འི་	གི་	PART
ཚེ་	ཚེ་	NOUN
ཁྱེད་	ཁྱེད་	PRON
ཉེ་བ་	ཉེ་བ་	VERB
ས་	གིས་	PART
ཤོལ་	ཤོལ་	VERB
མི་	མི་	PART
ཐེབས་	ཐེབས་	VERB
སྲོག་	སྲོག་	NOUN
ལ་	ལ་	PART
བབ་	བབ་	VERB
ཀྱང་	ཀྱང་	PART
འབབས་པ་	འབབས་པ་	NON_WORD
འི་	གི་	PART
སྐབས་མེད་	སྐབས་མེད་	NO_POS
ཚུལ་	ཚུལ་	NOUN
སོགས་	སོགས་	DET
གསུངས་པ་	གསུངས་པ་	VERB
ས་	གིས་	PART
།		PUNCT
ཐམས་ཅད་	ཐམས་ཅད་	DET
རེ་ཐག་	རེ་ཐག་	NO_POS
ཆད་	ཆད་	VERB
ཡབ་	ཡབ་	NOUN
སྲ་	སྲ་	NOUN
ཀུན་	ཀུན་	DET
འབྲུག་	འབྲུག་	NOUN
ཏུ་	ལ་	PART
ཕྱག་ཕྱི་	ཕྱག་ཕྱི་	NOUN
ར་	ལ་	PART
བྱོན་	བྱོན་	VERB
།		PUNCT
གདམས་ངག་	གདམས་ངག་	NOUN
རྣམས་	རྣམས་	DET
ཞུ་	ཞུ་	VERB
།		PUNCT
སྟོན་	སྟོན་	VERB
དེ་	སྟེ་	PART
བསྙེན་པ་	བསྙེན་པ་	VERB
ར་	ལ་	PART
རྫོགས་	རྫོགས་	VERB
།		PUNCT
མདོ་	མདོ་	NOUN
རྩ་	རྩ་	NUM
།		PUNCT
བརྟག་	བརྟག་	VERB
གཉིས་	གཉིས་	NUM
།		PUNCT
མ་	མ་	PART
ཧཱ་		NON_WORD
མཱ་	མཱ་	NO_POS
ཡཱ་	ཡཱ་	NO_POS
།		PUNCT
དོ་ཧ་	དོ་ཧ་	OTHER
སོགས་	སོགས་	DET
ཟབ་	ཟབ་	VERB
ཆོ་	ཆོ་	NOUN
དང་	དང་	NO_POS
བདེ་མཆོག་	བདེ་མཆོག་	PROPN
ལ་སོགས་པ་	ལ་སོགས་པ་	NO_POS
འི་	གི་	PART
སྒྲུབ་	སྒྲུབ་	VERB
གཞུང་	གཞུང་	NOUN
		
མང་	མང་	VERB
དུ་	ལ་	PART
གསན་	གསན་	NO_POS
།		PUNCT
དེ་ནས་	དེ་ནས་	NO_POS
ཡབ་	ཡབ་	NOUN
བསྟུང་བ་	བསྟུང་བ་	NO_POS
ས་	གིས་	PART
ཡུལ་	ཡུལ་	NOUN
དུ་	ལ་	PART
བྱོན་	བྱོན་	VERB
།		PUNCT
རིང་པོ་	རིང་པོ་	ADJ
ར་	ལ་	PART
མ་	མ་	PART
ལོན་པ་	ལོན་པ་	VERB
ར་	ལ་	PART
ཡབ་	ཡབ་	NOUN
འདའ་	འདའ་	VERB
ན་	ནས་	PART
ཆོས་རྗེ་	ཆོས་རྗེ་	NOUN
རྒྱ་ར་	རྒྱ་ར་	NO_POS
ས་	གིས་	PART
འཁོར་	འཁོར་	NOUN
དང་	དང་	NO_POS
བཅས་པ་	བཅས་པ་	VERB
སྤྱན་	སྤྱན་	NOUN
དྲངས་	དྲངས་	NO_POS
།		PUNCT
ན་	ནས་	PART
ཁལ་	ཁལ་	NOUN
ཉི་	ཉི་	NUM
སྟོང་	སྟོང་	NUM
བརྒྱད་	བརྒྱད་	NUM
བརྒྱ་	བརྒྱ་	NUM
ས་	གིས་	PART
གཙོ་	གཙོ་	NOUN
ས་པ་	ས་པ་	PART
འི་	གི་	PART
འབུལ་བ་	འབུལ་བ་	VERB
བསམ་	བསམ་	NOUN
གྱིས་	གིས་	PART
མི་	མི་	PART
ཁྱབ་པ་	ཁྱབ་པ་	VERB
ཕུལ་	ཕུལ་	VERB
།		PUNCT
དགེ་འདུན་	དགེ་འདུན་	NOUN
རྣམས་	རྣམས་	DET
ལ་	ལ་	ADP
འང་	ཀྱང་	PART
སྟོན་མོ་	སྟོན་མོ་	NOUN
བཟང་པོ་	བཟང་པོ་	ADJ
དང་	དང་	NO_POS
དབུ་	དབུ་	NOUN
ཆེ་	ཆེ་	VERB
དང་ལ་	དང་ལ་	NO_POS
ས་	གིས་	PART
དཔོན་	དཔོན་	NOUN
ཀུན་	ཀུན་	DET
ལ་	ལ་	PART
འབུལ་བ་	འབུལ་བ་	VERB
བཟང་པོ་	བཟང་པོ་	ADJ
ཡང་དག་པ་	ཡང་དག་པ་	ADJ
མརྡོད་		NON_WORD
།		PUNCT
མཐའ་	མཐའ་	NOUN
བཞི་	བཞི་	NUM
ཤག་	ཤག་	NO_POS
ད་	ད་	NOUN
འཁོར་	འཁོར་	NOUN
སྟོང་	སྟོང་	NUM
ལྷག་	ལྷག་	NOUN
ཙམ་	ཙམ་	DET
ནོར་	ནོར་	NOUN
གྱིས་	གིས་	PART
འཚེངས་	འཚེངས་	NO_POS
།		PUNCT
དེ་མིན་	དེ་མིན་	OTHER
ཐམས་ཅད་	ཐམས་ཅད་	DET
ཆོས་ཕྱོགས་	ཆོས་ཕྱོགས་	NO_POS
སུ་	ལ་	PART
ཐོངས་པ་	ཐོངས་པ་	NON_WORD
ར་	ལ་	PART
མརྡོད་		NON_WORD
།		PUNCT
བྲེ་	བྲེ་	NOUN
གང་	གང་	NO_POS
གིའང་		NON_WORD
འཛིན་ཆགས་	འཛིན་ཆགས་	NO_POS
མ་	མ་	PART
གཟུང་བ་	གཟུང་བ་	VERB
ར་	ལ་	PART
འབྲུག་	འབྲུག་	NOUN
ཏུ་	ལ་	PART
བྱོན་	བྱོན་	VERB
།		PUNCT
དེ་ནས་	དེ་ནས་	NO_POS
ཆོས་རྗེ་	ཆོས་རྗེ་	NOUN
ས་	གིས་	PART
མུ་		
༔༔		PUNCT
གྲོ་	གྲོ་	NOUN
།		PUNCT
ཏྲེ་	ཏྲེ་	NO_POS
		
གླུ་	གླུ་	NOUN
		
ཁྱིསཐུགས་		NON_WORD
ལ་བཏགས་	ལ་བཏགས་	OTHER
།		PUNCT
གདམས་ངག་	གདམས་ངག་	NOUN
ཐམས་ཅད་	ཐམས་ཅད་	DET
སྦ་སྲི་	སྦ་སྲི་	NO_POS
མེད་པ་	མེད་པ་	VERB
ར་	ལ་	PART
གནང་	གནང་	NO_POS
།		PUNCT
ཕ་ཡུལ་	ཕ་ཡུལ་	NOUN
དུ་	ལ་	PART
མི་	མི་	PART
འགྲོ་བ་	འགྲོ་བ་	VERB
སོགས་	སོགས་	DET
དམ་བཅའ་	དམ་བཅའ་	NOUN
བདུན་	བདུན་	NUM
དང་	དང་	NO_POS
།		PUNCT
སྲོག་	སྲོག་	NOUN
ལ་	ལ་	PART
བབ་	བབ་	VERB
ཀྱང་	ཀྱང་	PART
གནོད་ལན་	གནོད་ལན་	NO_POS
མི་	མི་	PART
བྱེད་པ་	བྱེད་པ་	VERB
སོགས་	སོགས་	DET
དམ་བཅའ་	དམ་བཅའ་	NOUN
ཆེན་པོ་	ཆེན་པོ་	ADJ
དྲུག་	དྲུག་	NUM
།		PUNCT
རྟག་	རྟག་	VERB
ཏུ་	ལ་	PART
དབེན་པ་	དབེན་པ་	VERB
བསྟེན་པ་	བསྟེན་པ་	VERB
སོགས་	སོགས་	DET
ཞར་བྱུང་	ཞར་བྱུང་	OTHER
གི་	གི་	PART
དསྤུབཅའ་		NON_WORD
གཅིག་	གཅིག་	NUM
བཅའ་	བཅའ་	VERB
མཛྭད་པ་	མཛྭད་པ་	NON_WORD
ས་	གིས་	PART
ཆོས་རྗེ་	ཆོས་རྗེ་	NOUN
རྒྱ་ར་	རྒྱ་ར་	NO_POS
ས་	གིས་	PART
ཞལ་	ཞལ་	NOUN
ན་	ནས་	PART
སྟོན་པ་	སྟོན་པ་	NOUN
ས་	གིས་	PART
ཀྱང་	ཀྱང་	PART
ལོ་	གོ་	PART
དྲུག་	དྲུག་	NUM
དཀའ་བ་	དཀའ་བ་	VERB
སྤྱད་པ་	སྤྱད་པ་	VERB
ས་	གིས་	PART
དམ་བཅའ་	དམ་བཅའ་	NOUN
འདི་	འདི་	DET
རྣམས་	རྣམས་	DET
ལོ་	གོ་	PART
དྲུག་	དྲུག་	NUM
གི་	གི་	PART
བ་	བ་	NOUN
དུ་	ལ་	PART
སྐྱོངས་	སྐྱོངས་	VERB
།		PUNCT
དེ་ནས་	དེ་ནས་	NO_POS
ཅི་	ཅི་	NO_POS
བདེ་	བདེ་	VERB
ར་	ལ་	PART
མཛོད་	མཛོད་	NOUN
གསུངས་	གསུངས་	VERB
།		PUNCT
དེ་ནས་	དེ་ནས་	NO_POS
རྒྱ་གར་	རྒྱ་གར་	PROPN
གྱི་	གི་	PART
གནས་ཆེན་	གནས་ཆེན་	NOUN
དང་	དང་	NO_POS
དུར་ཁྲོད་	དུར་ཁྲོད་	NOUN
ལ་སོགས་པ་	ལ་སོགས་པ་	NO_POS
ར་	ལ་	PART
རོ་	རོ་	NOUN
སྟོམས་		NON_WORD
ལ་	ལ་	PART
འབྱོན་	འབྱོན་	NO_POS
བཞེད་པ་	བཞེད་པ་	VERB
ལ་	ལ་	PART
།		PUNCT
ཆོས་རྗེ་	ཆོས་རྗེ་	NOUN
ས་	གིས་	PART
བླ་མ་	བླ་མ་	NOUN
སྐུ་ཁམས་	སྐུ་ཁམས་	NOUN
བཟང་	བཟང་	VERB
རིང་	རིང་	NOUN
ལ་	ལ་	PART
འདི་	འདི་	DET
ར་	ལ་	PART
སྡོད་	སྡོད་	VERB
གསུངས་	གསུངས་	VERB
ན་	ནས་	PART
བཞུགས་	བཞུགས་	VERB
།		PUNCT
དེ་	དེ་	DET
འི་	གི་	PART
སྐབས་	སྐབས་	NOUN
		
སྤུན་	སྤུན་	NOUN
གྱིས་	གིས་	PART
ཡུམ་	ཡུམ་	NOUN
དང་	དང་	NO_POS
སྲིང་མོ་	སྲིང་མོ་	NOUN
མནར་བ་	མནར་བ་	VERB
འི་	གི་	PART
གཏམདང་		NON_WORD
མཆེད་གྲོགས་	མཆེད་གྲོགས་	NOUN
ཀྱིས་	གིས་	PART
ཆགས་	ཆགས་	VERB
སྔང་		NON_WORD
བྱེད་པ་	བྱེད་པ་	VERB
།		PUNCT
ལུས་	ལུས་	NOUN
ལ་	ལ་	PART
ཤིག་	ཅིག་	PART
ནད་	ནད་	NOUN
ཚབས་	ཚབས་	NOUN
ཆེ་བ་	ཆེ་བ་	VERB
།		PUNCT
ཐུགས་	ཐུགས་	NOUN
རླུང་	རླུང་	NOUN
ལ་སོགས་	ལ་སོགས་	NO_POS
འགལྟ་		NON_WORD
རྐྱེན་	རྐྱེན་	NOUN
དྲག་པོ་	དྲག་པོ་	ADJ
བྱུང་	བྱུང་	VERB
ཡང་	ཀྱང་	PART
།		PUNCT
བླ་མ་	བླ་མ་	NOUN
འི་	གི་	PART
མོས་གུས་	མོས་གུས་	NOUN
དང་	དང་	NO_POS
མ་	མ་	PART
བྲལ་བ་	བྲལ་བ་	VERB
ར་	ལ་	PART
ཐམས་ཅད་	ཐམས་ཅད་	DET
དགེ་སྦྱོར་	དགེ་སྦྱོར་	NOUN
གྱི་	གི་	PART
གྲོག་	གྲོག་	NOUN
སུ་	ལ་	PART
གྱུར་	གྱུར་	VERB
།		PUNCT
རྗེའི་		NON_WORD
ཞབས་དྲུང་	ཞབས་དྲུང་	OTHER
ན་	ནས་	PART
གདམས་ངག་	གདམས་ངག་	NOUN
རྣམས་	རྣམས་	DET
རྫོགས་པ་	རྫོགས་པ་	VERB
ར་	ལ་	PART
གསན་	གསན་	NO_POS
།		PUNCT
ཆོས་ར་	ཆོས་ར་	NO_POS
འི་	གི་	PART
ཟུར་	ཟུར་	NOUN
དུ་	ལ་	PART
ཁང་	ཁང་	NOUN
ཆུང་	ཆུང་	VERB
བརྩིགས་	བརྩིགས་	NO_POS
ན་	ནས་	PART
ཚོགས་ཆོས་	ཚོགས་ཆོས་	OTHER
རྣམས་	རྣམས་	DET
ཀྱང་	ཀྱང་	PART
མཚམས་	མཚམས་	NOUN
ཁོངས་	ཁོངས་	NOUN
ན་	ནས་	PART
གསན་	གསན་	NO_POS
།		PUNCT
ལོ་	གོ་	PART
ཧཻ་		NON_WORD
ཤུ་	ཤུ་	NO_POS
རྩལྔ་པ་	རྩལྔ་པ་	NON_WORD
ལ་	ལ་	PART
ཆོས་རྗེ་	ཆོས་རྗེ་	NOUN
རྒྱ་ར་	རྒྱ་ར་	NO_POS
ས་	གིས་	PART
གཤེགས་	གཤེགས་	VERB
།		PUNCT
དེ་ནས་	དེ་ནས་	NO_POS
ཁ་	ཁ་	PRON
རག་	རག་	VERB
གི་	གི་	PART
རྩེ་མོ་	རྩེ་མོ་	NOUN
ཇོ་མོ་	ཇོ་མོ་	NOUN
གྲོ་	གྲོ་	NOUN
ས་	ས་	ADP
ར་	ལ་	PART
བྱོན་	བྱོན་	VERB
།		PUNCT
ཇོ་	ཇོ་	NO_POS
དན་	དན་	OTHER
ཀུན་	ཀུན་	DET
རྒྱལ་	རྒྱལ་	VERB
ཕྱག་ཕྱི་	ཕྱག་ཕྱི་	NOUN
ར་	ལ་	PART
འབྱོར་	འབྱོར་	VERB
།		PUNCT
ཁོ་	ཁོ་	PRON
བསོད་སྙོམས་	བསོད་སྙོམས་	NOUN
ལ་	ལ་	PART
སོང་བ་	སོང་བ་	VERB
འི་	གི་	PART
ཤུལ་	ཤུལ་	NOUN
ཁ་བ་	ཁ་བ་	NOUN
ཆེན་པོ་	ཆེན་པོ་	ADJ
བབ་	བབ་	VERB
།		PUNCT
དེ་	སྟེ་	PART
ལ་	ལ་	PART
ཁོ་	ཁོ་	PRON
མ་	མ་	PART
ཐ་	ཐ་	VERB
།		PUNCT
བླ་	བླ་	NOUN
ལུས་	ལུས་	NOUN
		
ན་	ལ་	PART
		
༔༔		PUNCT
གྲོཁུཁྱིམ་		NON_WORD
ལ་	ལ་	PART
གསོལ་	གསོལ་	VERB
ཟ་	ཟ་	NOUN
མེད་	མེད་	VERB
སྙམ་	སྙམ་	VERB
ཁོ་	ཁོ་	VERB
སྙིང་རུས་	སྙིང་རུས་	NOUN
བསྐྱེད་	བསྐྱེད་	VERB
འོངས་	འོངས་	VERB
ན་	ནས་	PART
ཕུག་པ་	ཕུག་པ་	VERB
འི་	གི་	PART
ཕྱི་	ཕྱི་	NOUN
།		PUNCT
ཆོས་རྗེ་	ཆོས་རྗེ་	NOUN
ས་	གིས་	PART
ནང་	ནང་	NOUN
ན་	ནས་	PART
བརྐོས་པ་	བརྐོས་པ་	NO_POS
ར་	ལ་	PART
འཚོ་བ་	འཚོ་བ་	VERB
ཅུང་ཟད་	ཅུང་ཟད་	ADV
འཕྲོད་	འཕྲོད་	NO_POS
ཙམ་	ཙམ་	DET
ལ་	ལ་	ADP
ས་	གིས་	PART
།		PUNCT
ཆུ་	ཆུ་	NOUN
མེ་ཤིང་	མེ་ཤིང་	NO_POS
ཡང་	ཀྱང་	PART
བླང་	བླང་	NO_POS
དུ་	ལ་	PART
མེད་པ་	མེད་པ་	VERB
ལོ་	གོ་	PART
གསུམ་	གསུམ་	NUM
བཞུགས་	བཞུགས་	VERB
།		PUNCT
དེ་	དེ་	DET
ར་	ལ་	PART
བསྙུན་	བསྙུན་	NO_POS
གཞི་	གཞི་	NOUN
དམ་པོ་	དམ་པོ་	ADJ
ཞིག་	ཅིག་	PART
བྱུང་བ་	བྱུང་བ་	VERB
སྡིག་སྒྲིབ་	སྡིག་སྒྲིབ་	NOUN
དག་པ་	དག་པ་	VERB
འི་	གི་	PART
རྟགས་	རྟགས་	NOUN
བཟང་	བཟང་	VERB
བྱུང་	བྱུང་	VERB
།		PUNCT
བྱང་	བྱང་	NOUN
གནམ་མཚོ་	གནམ་མཚོ་	OTHER
ཕྱུག་	ཕྱུག་	VERB
མོ་	གོ་	PART
དོ་	གོ་	PART
ལ་	ལ་	PART
སྒོམ་པ་	སྒོམ་པ་	VERB
བཞེད་	བཞེད་	VERB
ན་	ནས་	PART
དར་མ་	དར་མ་	PROPN
ཆགས་པ་	ཆགས་པ་	VERB
།		PUNCT
ཉ་པ་	ཉ་པ་	NOUN
གཞོན་ནུ་	གཞོན་ནུ་	ADJ
ས་	གིས་	PART
ཀོ་གྲུ་	ཀོ་གྲུ་	NO_POS
བཏང་	བཏང་	VERB
ན་	ནས་	PART
མཚོ་	མཚོ་	NOUN
དཀྱིལ་	དཀྱིལ་	NOUN
དུ་	ལ་	PART
སླེབས་པ་	སླེབས་པ་	VERB
ན་	ལ་	PART
རླུང་དམར་	རླུང་དམར་	OTHER
འཁྲུགས་	འཁྲུགས་	NO_POS
།		PUNCT
འཆི་བ་	འཆི་བ་	VERB
མིན་པ་	མིན་པ་	VERB
འི་	གི་	PART
ཐབས་མེད་	ཐབས་མེད་	NO_POS
བྱུང་	བྱུང་	VERB
སྐབས་	སྐབས་	NOUN
མོས་གུས་	མོས་གུས་	NOUN
གདུང་བ་	གདུང་བ་	VERB
ས་	གིས་	PART
གསོལ་བ་	གསོལ་བ་	VERB
བཏབ་པ་	བཏབ་པ་	VERB
ས་	གིས་	PART
།		PUNCT
ཆོས་རྗེ་	ཆོས་རྗེ་	NOUN
མངོན་སུམ་	མངོན་སུམ་	NOUN
ཀོ་གྲུ་	ཀོ་གྲུ་	NO_POS
རྫིངས་	རྫིངས་	NO_POS
ཀྱི་	གི་	PART
ཁ་	ཁ་	PRON
ན་	ལ་	PART
ཕེབས་	ཕེབས་	NO_POS
།		PUNCT
རླུང་དམར་	རླུང་དམར་	OTHER
ཞི་	ཞི་	VERB
།		PUNCT
ལོ་	གོ་	PART
གཅིག་	གཅིག་	NUM
སྒྲུབ་པ་	སྒྲུབ་པ་	VERB
མརྡོད་		NON_WORD
།		PUNCT
ཕྱི་	ཕྱི་	NOUN
དོའི་		NON_WORD
སྒོམ་ཆེན་	སྒོམ་ཆེན་	NOUN
རྣམས་	རྣམས་	DET
ཀྱིས་	གིས་	PART
ནན་	ནན་	NOUN
གྱིས་	གིས་	PART
སྤྱན་	སྤྱན་	NOUN
དྲངས་	དྲངས་	NO_POS
དོ་	གོ་	PART
ཕྱི་	ཕྱི་	OTHER
བྱོན་	བྱོན་	VERB
།		PUNCT
སླ་	སླ་	ADV
ཞྭ་མོ་	ཞྭ་མོ་	OTHER
དོ་	གོ་	PART
ལ་	ལ་	PART
བྱོན་	བྱོན་	VERB
ན་	ནས་	PART
སྒྲུབ་	སྒྲུབ་	VERB
ང་	ང་	PRON
མཛྭད་		NON_WORD
།		PUNCT
དར་མ་	དར་མ་	PROPN
ཆགས་པ་	ཆགས་པ་	VERB
ས་	གིས་	PART
ཡུན་རིང་	ཡུན་རིང་	NOUN
ལུས་	ལུས་	NOUN
།		PUNCT
འཚོ་བ་	འཚོ་བ་	VERB
ཟད་	ཟད་	VERB
ཀྱང་	ཀྱང་	PART
དགེ་སྦྱོར་	དགེ་སྦྱོར་	NOUN
བཟང་བ་	བཟང་བ་	VERB
བྱུང་	བྱུང་	VERB
།		PUNCT
ཉིན་	ཉིན་	NOUN
གཅིག་	གཅིག་	NUM
ཉེ་	ཉེ་	VERB
གནས་	གནས་	NOUN
དགེ་འདུན་	དགེ་འདུན་	NOUN
དར་ལ་	དར་ལ་	NO_POS
ད་	ད་	NOUN
སྐུ་	སྐུ་	NOUN
		
ད་	ད་	ADV
ལྟོ་	ལྟོ་	VERB
གསུངས་	གསུངས་	VERB
།		PUNCT
གཞན་	གཞན་	DET
མི་	མི་	PART
སྣང་	སྣང་	VERB
སྣམ་བུ་	སྣམ་བུ་	NOUN
བརྐྱང་པ་	བརྐྱང་པ་	NO_POS
འདྲ་	འདྲ་	VERB
ཞིག་	ཅིག་	PART
མཐོང་	མཐོང་	VERB
།		PUNCT
དེ་	སྟེ་	PART
ལ་	ལ་	PART
ཆོས་རྗེ་	ཆོས་རྗེ་	NOUN
ས་	གིས་	PART
སྣ་	སྣ་	NOUN
དྲངས་	དྲངས་	NO_POS
བྱོན་	བྱོན་	VERB
།		PUNCT
ཕ་གི་	ཕ་གི་	DET
འི་	གི་	PART
རུ་	ལ་	PART
གསེབ་	གསེབ་	NOUN
ཏུ་	ལ་	PART
ཕེབས་པ་	ཕེབས་པ་	VERB
འི་	གི་	PART
ཚེ་	ཚེ་	NOUN
།		PUNCT
གང་	གང་	NO_POS
ན་	ནས་	PART
འོང་	འོང་	VERB
ཟེར་བ་	ཟེར་བ་	VERB
ས་	གིས་	PART
ངེད་	ངེད་	PRON
ཞྭ་མོ་	ཞྭ་མོ་	OTHER
དོ་	གོ་	PART
ན་	ནས་	PART
འོངས་	འོངས་	VERB
བྱས་པ་	བྱས་པ་	VERB
ས་	གིས་	PART
མཚོ་	མཚོ་	NOUN
རུལ་	རུལ་	NO_POS
ན་	ནས་	PART
དར་མ་	དར་མ་	PROPN
ཆགས་པ་	ཆགས་པ་	VERB
ས་	གིས་	PART
སུ་	སུ་	ADP
ས་	གིས་	PART
བགྲོད་	བགྲོད་	VERB
རྫུན་	རྫུན་	NOUN
ཡིན་	ཡིན་	NO_POS
ཐེར་	ཐེར་	NO_POS
།		PUNCT
དགོང་མོ་	དགོང་མོ་	NO_POS
རི་	རི་	NOUN
ལ་	ལ་	PART
ཕྱུགས་འཚོ་	ཕྱུགས་འཚོ་	NO_POS
ར་	ལ་	PART
འགྲོ་བ་	འགྲོ་བ་	VERB
རྣམས་	རྣམས་	DET
ལོག་	ལོག་	VERB
ན་	ནས་	PART
།		PUNCT
དེ་རིང་	དེ་རིང་	ADV
རུ་	ལ་	PART
གསེབ་	གསེབ་	NOUN
ཏུ་	ལ་	PART
བཙུན་པ་	བཙུན་པ་	NOUN
གཉིས་	གཉིས་	NUM
ཞྭ་མོ་	ཞྭ་མོ་	OTHER
དོ་	གོ་	PART
ནས་ཆུ་	ནས་ཆུ་	NO_POS
ལ་མ་	ལ་མ་	NO_POS
བྱིང་བ་	བྱིང་བ་	VERB
ར་	ལ་	PART
བྱོན་པ་	བྱོན་པ་	VERB
མཐོང་	མཐོང་	VERB
ཐེར་	ཐེར་	NO_POS
བ་	བ་	ADP
ཀུན་	ཀུན་	DET
དད་	དད་	VERB
།		PUNCT
ཉུཉ་		NON_WORD
		
		
ཥྛཥྛཞིསགཞན་		NON_WORD
ཡང་	ཀྱང་	PART
ཇོ་མོ་	ཇོ་མོ་	NOUN
གངས་	གངས་	NOUN
རྣམས་	རྣམས་	DET
སུ་	ལ་	PART
རྒྱུན་	རྒྱུན་	NOUN
རིང་བ་	རིང་བ་	VERB
ར་	ལ་	PART
བཞུགས་	བཞུགས་	VERB
།		PUNCT
དཀའ་བ་	དཀའ་བ་	VERB
དཔག་	དཔག་	VERB
ཏུ་	ལ་	PART
མེད་པ་	མེད་པ་	VERB
སྤྱད་	སྤྱད་	VERB
ཅིང་	ཅིང་	PART
ནང་སེམས་	ནང་སེམས་	OTHER
ཀྱི་	གི་	PART
ནད་	ནད་	NOUN
དང་	དང་	NO_POS
ཕྱི་	ཕྱི་	NOUN
འབྱུང་པོ་	འབྱུང་པོ་	NOUN
འི་	གི་	PART
བར་ཆད་	བར་ཆད་	NOUN
།		PUNCT
དཀའ་ཐུབ་	དཀའ་ཐུབ་	NOUN
ཀྱི་	གི་	PART
གེགས་	གེགས་	NOUN
ལ་སོགས་པ་	ལ་སོགས་པ་	NO_POS
བློ་	བློ་	NOUN
ལ་	ལ་	ADP
ས་	གིས་	PART
འདས་པ་	འདས་པ་	VERB
མང་པོ་	མང་པོ་	ADJ
བྱུང་	བྱུང་	VERB
བརྣམས་		NON_WORD
ཐུགས་	ཐུགས་	NOUN
དལོགྱི་		NON_WORD
གྲོག་	གྲོག་	NOUN
སུ་	ལ་	PART
སོང་	སོང་	VERB
ན་	ནས་	PART
ནང་	ནང་	NOUN
ཡེ་ཤེས་	ཡེ་ཤེས་	NOUN
ཀྱི་	གི་	PART
སྟོབས་རྒྱས་	སྟོབས་རྒྱས་	NO_POS
།		PUNCT
མངོན་པ་	མངོན་པ་	OTHER
ཤེས་པ་	ཤེས་པ་	VERB
ཆེན་པོ་	ཆེན་པོ་	ADJ
དང་	དང་	NO_POS
ཡང་	ཀྱང་	PART
ལྡན་	ལྡན་	VERB
།		PUNCT
བླ་མ་	བླ་མ་	NOUN
དང་	དང་	NO_POS
ཡི་དམ་	ཡི་དམ་	NOUN
ལྷ་		
ལུང་བསྟན་	ལུང་བསྟན་	NOUN
བཞིན་	བཞིན་	NOUN
དགེ་འདུན་	དགེ་འདུན་	NOUN
མང་	མང་	VERB
དུ་	ལ་	PART
འདུས་པ་	འདུས་པ་	VERB
རྣམས་	རྣམས་	DET
ལ་	ལ་	PART
སྒོམ་	སྒོམ་	VERB
བཏབ་	བཏབ་	VERB
།		PUNCT
ཆུ་མིག་	ཆུ་མིག་	NOUN
དཀར་མོ་	དཀར་མོ་	ADJ
།		PUNCT
ཤིང་	ཅིང་	PART
སྐམ་	སྐམ་	VERB
།		PUNCT
ལྕགས་	ལྕགས་	NOUN
སྤྱིལ་	སྤྱིལ་	NO_POS
།		PUNCT
ཨུ་	ཨུ་	NO_POS
རི་	རི་	NOUN
ལ་སོགས་པ་	ལ་སོགས་པ་	NO_POS
འི་	གི་	PART
དགོན་པ་	དགོན་པ་	NOUN
བཏབ་	བཏབ་	VERB
ན་	ནས་	PART
གཞན་	གཞན་	DET
རྡོན་		NON_WORD
བསྐྱངས་	བསྐྱངས་	NO_POS
།		PUNCT
ལོ་	གོ་	PART
བདུན་	བདུན་	NUM
བཞུགས་	བཞུགས་	VERB
ན་	ནས་	PART
གདམས་ངག་	གདམས་ངག་	NOUN
གི་	གི་	PART
གཙོ་བོ་	གཙོ་བོ་	ADJ
ཐུབ་པ་	ཐུབ་པ་	VERB
ལྔ་	ལྔ་	NUM
མརྡོད་		NON_WORD
ཅིང་	ཅིང་	PART
ཚོགས་པ་	ཚོགས་པ་	VERB
འང་	ཀྱང་	PART
སྟོང་	སྟོང་	NUM
ལྷག་	ལྷག་	NOUN
འདུ་	འདུ་	VERB
འགྲོ་དོན་	འགྲོ་དོན་	NOUN
རྒྱ་	རྒྱ་	NOUN
ཆེ་	ཆེ་	VERB
ར་	ལ་	PART
མཛྭད་		NON_WORD
།		PUNCT
གླང་	གླང་	NOUN
གི་	གི་	PART
ལོ་	གོ་	PART
ལ་	ལ་	PART
དཀར་པོ་	དཀར་པོ་	ADJ
ཆོ་	ཆོ་	NOUN
ལུང་	ལུང་	NOUN
བཏབ་	བཏབ་	VERB
སྟེ་	སྟེ་	PART
།		PUNCT
ཐུགས་དམ་	ཐུགས་དམ་	NOUN
གསེར་	གསེར་	NOUN
གྱི་	གི་	PART
པོ་ཏི་	པོ་ཏི་	NOUN
མང་	མང་	VERB
དུ་	ལ་	PART
བཞེངས་	བཞེངས་	NO_POS
།		PUNCT
ལྷོ་བྲག་	ལྷོ་བྲག་	PROPN
མཁའ་	མཁའ་	NOUN
ཆུ་	ཆུ་	NOUN
འི་	གི་	PART
ལྷ་ཁང་	ལྷ་ཁང་	NOUN
ཞིག་གསོ་	ཞིག་གསོ་	NO_POS
ས་	གིས་	PART
དང་	དང་	NO_POS
གསེར་	གསེར་	NOUN
གྱི་	གི་	PART
རྒྱལ་མཚན་	རྒྱལ་མཚན་	NOUN
བཙུགས་	བཙུགས་	NO_POS
།		PUNCT
འབྲུག་	འབྲུག་	NOUN
བུམ་	བུམ་	NOUN
ཐང་	ཐང་	NOUN
དུ་	ལ་	PART
བྱོན་	བྱོན་	VERB
ན་	ནས་	PART
ཐར་པ་	ཐར་པ་	VERB
གླིང་	གླིང་	NOUN
གི་	གི་	PART
དགོན་པ་	དགོན་པ་	NOUN
ཡང་	ཀྱང་	PART
བཏབ་	བཏབ་	VERB
།		PUNCT
དེ་ནས་	དེ་ནས་	NO_POS
སེང་གེ་	སེང་གེ་	NOUN
རི་	རི་	NOUN
ར་	ལ་	PART
ཕེབས་	ཕེབས་	NO_POS
ན་	ནས་	PART
དེ་	དེ་	DET
ར་	ལ་	PART
དགེ་	དགེ་	NOUN
སྩོལང་		NON_WORD
བསླབ་	བསླབ་	VERB
གཙང་	གཙང་	PROPN
སྟོང་	སྟོང་	NUM
དང་	དང་	NO_POS
ལྔ་	ལྔ་	NUM
བརྒྱ་ལ་	བརྒྱ་ལ་	NO_POS
དཔལ་	དཔལ་	OTHER
འཁོར་ལོ་	འཁོར་ལོ་	NOUN
སྡོམ་པ་	སྡོམ་པ་	NOUN
འི་	གི་	PART
དབང་	དབང་	NOUN
བསྐུར་	བསྐུར་	NO_POS
དུས་མཆོད་	དུས་མཆོད་	NOUN
ཆེན་	ཆེན་	NO_POS
		
མརྡོད་		NON_WORD
ན་	ནས་	PART
ཟླ་བ་	ཟླ་བ་	NOUN
ཕྱེད་	ཕྱེད་	NUM
དང་	དང་	NO_POS
གཉིས་	གཉིས་	NUM
ཀྱི་	གི་	PART
བ་	བ་	NOUN
དུ་	ལ་	PART
གང་	གང་	NO_POS
འདོད་པ་	འདོད་པ་	VERB
འི་	གི་	PART
གདམས་ངག་	གདམས་ངག་	NOUN
		
ག་	ག་	PRON
ས་	གིས་	PART
ཆོས་མ་	ཆོས་མ་	NO_POS
ཆག་པ་	ཆག་པ་	VERB
ར་	ལ་	PART
གནང་	གནང་	NO_POS
ན་	ནས་	PART
བུ་	བུ་	NOUN
ཏཱ་	ཏཱ་	NO_POS
		
བ་	པ་	PART
རྣམས་	རྣམས་	DET
ལ་	ལ་	PART
གདམས་པ་	གདམས་པ་	VERB
རྗེརྡོགས་པ་	རྗེརྡོགས་པ་	NON_WORD
གནང་	གནང་	NO_POS
།		PUNCT
མཐ་	མཐའ་	NOUN
ར་	ལ་	PART
རྩི་	རྩི་	NOUN
ས་	ས་	ADP
།		PUNCT
ས་ཕོ་	ས་ཕོ་	NO_POS
།		PUNCT
ཀྱཻ་		NON_WORD
ལོ་	གོ་	PART
		
		
		
དགུང་གྲངས་	དགུང་གྲངས་	OTHER
ཐྲུ་		NON_WORD
		
།་		PUNCT
ཅུ་	ཅུ་	NUM
རྩབནེེ་		NON_WORD
རྔུ་	རྔུ་	NO_POS
ཟླ་བ་	ཟླ་བ་	NOUN
དཀུ་	དཀུ་	VERB
ལུས་	ལུས་	NOUN
		
		
གྲིན་		NON_WORD
		
སྤྲེ་	སྤྲེ་	NO_POS
༔༔		PUNCT
ནི་	ནི་	NO_POS
		
མིཔའི་		NON_WORD
ཚེ་	ཚེ་	NOUN
ཉི་ཤུ་གཅིག་	ཉི་ཤུ་གཅིག་	NO_POS
ལ་	ལ་	PART
ཞི་བ་	ཞི་བ་	VERB
ར་	ལ་	PART
གཤེགས་	གཤེགས་	VERB
།		PUNCT
སློབ་མ་	སློབ་མ་	NOUN
འཇམ་དབྱངས་	འཇམ་དབྱངས་	PROPN
མགོན་པོ་	མགོན་པོ་	NOUN
		
ལ་སོགས་པ་	ལ་སོགས་པ་	NO_POS
འི་	གི་	PART
མཁས་པ་	མཁས་པ་	VERB
རྣམ་	རྣམ་	NOUN
གསུམ་	གསུམ་	NUM
།		PUNCT
ཙཱ་	ཙཱ་	NO_POS
རི་	རི་	NOUN
རས་ཆེན་	རས་ཆེན་	NO_POS
སོགས་	སོགས་	DET
རས་པ་	རས་པ་	NOUN
རྣམ་	རྣམ་	NOUN
གསུམ་	གསུམ་	NUM
།		PUNCT
ཨ་	ཨ་	X
ལོ་	གོ་	PART
ཤཱཀྱ་	ཤཱཀྱ་	PROPN
གསུམ་	གསུམ་	NUM
སྟེ་	སྟེ་	PART
རྣལ་འབྱོར་	རྣལ་འབྱོར་	NOUN
གསུམ་	གསུམ་	NUM
སོགས་	སོགས་	DET
མཐའ་	མཐའ་	NOUN
ཡ་		
།		PUNCT
རྒྱལ་བ་	རྒྱལ་བ་	NOUN
ལོ་	གོ་	PART
ར་	ར་	NOUN
གཤེགས་	གཤེགས་	VERB
རྗེས་	རྗེས་	NOUN
དཔོན་པོ་	དཔོན་པོ་	NOUN
ཙཱ་	ཙཱ་	NO_POS
རི་	རི་	NOUN
རས་ཆེན་	རས་ཆེན་	NO_POS
གྱིས་	གིས་	PART
གདན་ས་	གདན་ས་	NOUN
བསྐྱང་	བསྐྱང་	NO_POS
།		PUNCT
དེ་	སྟེ་	PART
ལ་	ལ་	PART
སློབ་མ་	སློབ་མ་	NOUN
སྟོད་ལུང་པ་	སྟོད་ལུང་པ་	OTHER
རྟོགས་ལྡན་	རྟོགས་ལྡན་	OTHER
མགོན་པོ་	མགོན་པོ་	NOUN
ཡེ་ཤེས་	ཡེ་ཤེས་	NOUN
།		PUNCT
གྲུབ་ཐོབ་	གྲུབ་ཐོབ་	NOUN
གསེར་	གསེར་	NOUN
སྒོ་བ་	སྒོ་བ་	NOUN
།		PUNCT
ཁྱེ་	ཁྱེ་	NO_POS
སྒོམ་ཆེན་པོ་	སྒོམ་ཆེན་པོ་	NOUN
ལ་སོགས་པ་	ལ་སོགས་པ་	NO_POS
མཁས་པ་	མཁས་པ་	VERB
དང་	དང་	NO_POS
གྲུབ་པ་	གྲུབ་པ་	VERB
བསམ་	བསམ་	NOUN
གྱིས་	གིས་	PART
མི་	མི་	PART
ཁྱབ་	ཁྱབ་	VERB
།		PUNCT
ཕྱི་	ཕྱི་	VERB
རོང་	རོང་	PROPN
སྤང་	སྤང་	VERB
ཆེན་	ཆེན་	NO_POS
དུ་	ལ་	PART
འཁྲུངས་པ་	འཁྲུངས་པ་	VERB
འི་	གི་	PART
གཙང་	གཙང་	PROPN
ཆེན་	ཆེན་	NO_POS
ཆོ་	ཆོ་	NOUN
ཀྱི་	གི་	PART
དབང་ཕྱུག་	དབང་ཕྱུག་	NOUN
གིས་	གིས་	PART
།		PUNCT
ཡོམ་	ཡོམ་	NO_POS
ཆོ་	ཆོ་	NOUN
སྡེངས་		NON_WORD
སོགས་	སོགས་	DET
དྭགས་	དྭགས་	NO_POS
ཀོང་	ཀོང་	NO_POS
ལྷོ་རྒྱུད་	ལྷོ་རྒྱུད་	OTHER
སོགས་	སོགས་	DET
སུ་	ལ་	PART
དགོན་གནས་	དགོན་གནས་	NO_POS
དུ་མ་	དུ་མ་	ADJ
བཏབ་	བཏབ་	VERB
ཅིང་	ཅིང་	PART
།		PUNCT
བློབ་		NON_WORD
ཚོགས་	ཚོགས་	NOUN
བསམ་	བསམ་	NOUN
གྱིས་	གིས་	PART
མི་	མི་	PART
ཁྱབ་པ་	ཁྱབ་པ་	VERB
བྱུང་བ་	བྱུང་བ་	VERB
འི་	གི་	PART
བརྒྱུད་འཛིན་	བརྒྱུད་འཛིན་	NOUN
རྣམས་	རྣམས་	DET
ལ་	ལ་	PART
སྨད་	སྨད་	NOUN
འབྲུག་	འབྲུག་	NOUN
ས་	ས་	ADP
ཡི་	གི་	PART
དྲེག་པ་	དྲེག་པ་	NO_POS
ཞེ་	ཅེས་	PART
གྲག་	གྲག་	VERB
སེམ་		NON_WORD
།།		PUNCT
དེ་ལྟ་	དེ་ལྟ་	NO_POS
སྨད་	སྨད་	NOUN
འབྲུག་	འབྲུག་	NOUN
བསྟན་པ་	བསྟན་པ་	VERB
འི་	གི་	PART
སྲོལ་འབྱེད་	སྲོལ་འབྱེད་	NOUN
		
རྒྱལ་བ་	རྒྱལ་བ་	NOUN
ལོ་	གོ་	PART
རས་པ་	རས་པ་	NOUN
ཞེ་	ཅེས་	PART
མཚན་སྙན་	མཚན་སྙན་	NOUN
སྲིད་པ་	སྲིད་པ་	VERB
གསུམན་		NON_WORD
གྲགས་པ་	གྲགས་པ་	VERB
འགྲོ་བ་	འགྲོ་བ་	VERB
འི་	གི་	PART
དོན་	དོན་	NOUN
དུ་	ལ་	PART
ལྐོག་གྱུར་	ལྐོག་གྱུར་	OTHER
གྱི་	གི་	PART
ཚུལ་	ཚུལ་	NOUN
དུ་	ལ་	PART
རྣཨོཾའཕྲུལ་		NON_WORD
དུ་མ་	དུ་མ་	ADJ
ཕེབས་	ཕེབས་	NO_POS
ཡོད་པ་	ཡོད་པ་	VERB
ནི་	ནི་	NO_POS
གདོན་	གདོན་	NOUN
མི་	མི་	PART
ཟ་	ཟ་	VERB
ཡང་	ཀྱང་	PART
།		PUNCT
མངོན་གྱུར་	མངོན་གྱུར་	ADJ
གྱི་	གི་	PART
ཚུལ་	ཚུལ་	NOUN
དུ་	ལ་	PART
མཆོག་	མཆོག་	ADJ
གི་	གི་	PART
སྤྲུལ་སྐུ་	སྤྲུལ་སྐུ་	NOUN
འི་	གི་	PART
ཡང་སྲིད་	ཡང་སྲིད་	OTHER
དངོ་	དངོ་	NOUN
སུ་	ལ་	PART
ཕེབས་པ་	ཕེབས་པ་	VERB
དང་པོ་	དང་པོ་	ADJ
ནི་	ནི་	NO_POS
།		PUNCT
ཡབ་	ཡབ་	NOUN
ཆོ་	ཆོ་	NOUN
བཟང་	བཟང་	VERB
བཀྲ་ཤིས་མ་	བཀྲ་ཤིས་མ་	PROPN
ར་	ལ་	PART
ཚ་	ཚ་	VERB
ཚང་	ཚང་	VERB
དང་	དང་	NO_POS
།		PUNCT
ཡུམ་	ཡུམ་	NOUN
བདེ་ཆེན་	བདེ་ཆེན་	NOUN
མཚོ་	མཚོ་	NOUN
མོ་མ་	མོ་མ་	NO_POS
ར་	ལ་	PART
ཚ་	ཚ་	VERB
ཚང་	ཚང་	VERB
གཉིས་	གཉིས་	NUM
ཀྱི་	གི་	PART
སྲ་	སྲ་	NOUN
།		PUNCT
ས་	ས་	ADP
ཉུཉེ་		NON_WORD
		
ན་	ལ་	PART
		
རྩེཁྱིཁྱིསྟག་		NON_WORD
ལོ་པ་	ལོ་པ་	NO_POS
ཕྱི་ལོ་	ཕྱི་ལོ་	OTHER
		
ཕྱི་	ཕྱི་	NOUN
ཟླ་	ཟླ་	NOUN
		
ཚེ་	ཚེ་	NOUN
		
ཉིན་	ཉིན་	NOUN
ཨ་	ཨ་	X
རི་	རི་	NOUN
འི་	གི་	PART
གྲོང་ཁྱེར་བོ་	གྲོང་ཁྱེར་བོ་	NOUN
སི་	སི་	OTHER
ཊོན་		NON_WORD
		
བྱསྤྱོ་		NON_WORD
		
སྨོ་		NON_WORD
		
དུ་	ལ་	PART
འཁྲུངས་པ་	འཁྲུངས་པ་	VERB
འཇིགས་མེད་	འཇིགས་མེད་	PROPN
དབང་ཕྱུག་	དབང་ཕྱུག་	NOUN
གམ་	གམ་	PART
།		PUNCT
མཆོག་སྤྲུལ་	མཆོག་སྤྲུལ་	OTHER
འཇིགས་	འཇིགས་	VERB
བྲལ་	བྲལ་	VERB
ཨོ་རྒྱན་	ཨོ་རྒྱན་	PROPN
བདེ་བ་	བདེ་བ་	VERB
འི་	གི་	PART
རྡོ་རྗེ་	རྡོ་རྗེ་	NOUN
དཔལ་	དཔལ་	OTHER
བཟང་པོ་	བཟང་པོ་	ADJ
དེ་ཉིད་	དེ་ཉིད་	NOUN
དམ་ཅན་	དམ་ཅན་	NOUN
ཆོས་སྐྱོང་	ཆོས་སྐྱོང་	NOUN
དངོས་ཕེབས་	དངོས་ཕེབས་	NO_POS
ཀྱིས་	གིས་	PART
ལུང་བསྟན་པ་	ལུང་བསྟན་པ་	NOUN
དང་	དང་	NO_POS
།		PUNCT
དོན་	དོན་	NOUN
བརྒྱུད་	བརྒྱུད་	NO_POS
བསྟན་པ་	བསྟན་པ་	VERB
འི་	གི་	PART
མངའ་བདག་	མངའ་བདག་	NOUN
		
སྐྱབས་མགོན་	སྐྱབས་མགོན་	PROPN
		
རྒྱལ་དབང་	རྒྱལ་དབང་	NOUN
འབྲུག་པ་	འབྲུག་པ་	OTHER
བཅུ་གཉིས་པ་	བཅུ་གཉིས་པ་	NO_POS
ཆེན་པོ་	ཆེན་པོ་	ADJ
མཆོག་	མཆོག་	ADJ
ན་	ནས་	PART
ཐུགས་བརྟག་	ཐུགས་བརྟག་	NO_POS
རིཨོཾམཛད་		NON_WORD
མཐ་	མཐའ་	NOUN
ར་	ལ་	PART
ལྷ་	ལྷ་	NOUN
བླ་	བླ་	NOUN
འི་	གི་	PART
ལུང་	ལུང་	NOUN
བརྟག་	བརྟག་	VERB
དགོངས་པ་	དགོངས་པ་	VERB
རྩེམཐུན་		NON_WORD
གྱིས་	གིས་	PART
		
རྒྱལ་བ་	རྒྱལ་བ་	NOUN
ལོ་	གོ་	PART
རས་པ་	རས་པ་	NOUN
འི་	གི་	PART
ཡང་སྲིད་	ཡང་སྲིད་	OTHER
འཁྲུལ་	འཁྲུལ་	NO_POS
བྲལ་	བྲལ་	VERB
དུ་	ལ་	PART
ངོས་འཛིན་	ངོས་འཛིན་	NOUN
གནང་བ་	གནང་བ་	NO_POS
ལགས་	ལགས་	AUX
ཤིང་	ཅིང་	PART
།		PUNCT
ཕྱི་ལོ་	ཕྱི་ལོ་	OTHER
		
༷༷་		NON_WORD
		
ཕྱི་	ཕྱི་	NOUN
ཟླ་	ཟླ་	NOUN
		
ཚེ་	ཚེ་	NOUN
		
བོད་	བོད་	PROPN
ས་གླང་	ས་གླང་	NO_POS
འིཚེ་		NON_WORD
ཐ་སྐར་	ཐ་སྐར་	NO_POS
ཟླ་བ་	ཟླ་བ་	NOUN
འི་	གི་	PART
ཚེས་བཅུ་	ཚེས་བཅུ་	OTHER
འི་	གི་	PART
དུས་	དུས་	NOUN
ཚེ་	ཚེ་	NOUN
ཁྱད་པར་ཅན་	ཁྱད་པར་ཅན་	ADJ
གྱི་	གི་	PART
ཉིན་	ཉིན་	NOUN
།		PUNCT
རྡོ་		
གླིང་	གླིང་	NOUN
འབྲུག་	འབྲུག་	NOUN
ཐུབ་བསྟན་	ཐུབ་བསྟན་	NOUN
གསང་སྔགས་	གསང་སྔགས་	NOUN
ཆོ་	ཆོ་	NOUN
གླིང་	གླིང་	NOUN
དུ་	ལ་	PART
ཁྲི་འདོན་	ཁྲི་འདོན་	NO_POS
ཞུ་	ཞུ་	VERB
རྒྱུ་	རྒྱུ་	NOUN
ཡིན་	ཡིན་	NO_POS
ལགས་	ལགས་	AUX
ན་	ལ་	PART
།		PUNCT
མཆོག་	མཆོག་	ADJ
སྤྲུ་	སྤྲུ་	NO_POS
ལ་	ལ་	PART
རིན་པོ་ཆེ་	རིན་པོ་ཆེ་	ADJ
གང་ཉིད་	གང་ཉིད་	NO_POS
		
ཞབས་པད་	ཞབས་པད་	NOUN
རྡོ་རྗེ་	རྡོ་རྗེ་	NOUN
འི་	གི་	PART
ཆོ་	ཆོ་	NOUN
བདུན་	བདུན་	NUM
གྱི་	གི་	PART
ངོ་བོ་	ངོ་བོ་	NOUN
ར་	ལ་	PART
བསྐལ་པ་	བསྐལ་པ་	NOUN
རྒྱ་མཚོ་	རྒྱ་མཚོ་	NOUN
ར་	ལ་	PART
བརྟན་	བརྟན་	VERB
ཅིང་	ཅིང་	PART
དམ་པ་	དམ་པ་	VERB
འི་	གི་	PART
ཚུལ་	ཚུལ་	NOUN
དགུ་	དགུ་	NUM
འི་	གི་	PART
མཛད་	མཛད་	VERB
བཟང་	བཟང་	VERB
མངོན་དུ་	མངོན་དུ་	NO_POS
གྱུར་པ་	གྱུར་པ་	VERB
འི་	གི་	PART
སྨོན་ལམ་	སྨོན་ལམ་	NOUN
ཞུ་	ཞུ་	VERB
རྒྱུ་	རྒྱུ་	NOUN
བཅའ་	བཅའ་	VERB
།		PUNCT
རྡོ་		
གྱིང་	གྱིང་	NO_POS
འབྲུག་	འབྲུག་	NOUN
སྒ་		
བླ་བྲང་	བླ་བྲང་	OTHER
ན་	ནས་	PART
དཔའ་		
སྤེལ་	སྤེལ་	VERB
ཞུ་	ཞུ་	VERB
།།		PUNCT
མུ་		
		
		
རྩེརྭཔེ་		NON_WORD
		
ཀྱི་	གི་	PART
		
རྩེཁུཁྱི་		NON_WORD
༈		PUNCT
ཞབས་བརྟན་	ཞབས་བརྟན་	OTHER
འཆི་མེད་	འཆི་མེད་	NOUN
བདེ་བ་	བདེ་བ་	VERB
འི་	གི་	PART
རྡོ་རྗེ་	རྡོ་རྗེ་	NOUN
བཞུགས་	བཞུགས་	VERB
སོ་	གོ་	PART
།། ་		PUNCT
རཕོ་		NON_WORD
༅། །		PUNCT
འཇིགས་	འཇིགས་	VERB
བྲལ་	བྲལ་	VERB
ཕུལ་བྱུང་	ཕུལ་བྱུང་	OTHER
ཐུགས་རྗེ་	ཐུགས་རྗེ་	NOUN
འི་	གི་	PART
མཁའ་ཀློང་	མཁའ་ཀློང་	NO_POS
། །		PUNCT
ཀློང་	ཀློང་	NOUN
གསལ་	གསལ་	VERB
ཨོ་རྒྱན་	ཨོ་རྒྱན་	PROPN
བདེ་བ་	བདེ་བ་	VERB
འི་	གི་	PART
མཆོག་རབ་	མཆོག་རབ་	NO_POS
། །		PUNCT
རབ་དག་	རབ་དགའ་	PROPN
འི་	གི་	PART
དཔལ་	དཔལ་	OTHER
འཛིན་	འཛིན་	VERB
རྡོ་རྗེ་	རྡོ་རྗེ་	NOUN
འི་	གི་	PART
ཁྱབ་བདག་	ཁྱབ་བདག་	OTHER
།		PUNCT
བདག་ཉིད་	བདག་ཉིད་	NOUN
ཆེན་པོ་	ཆེན་པོ་	ADJ
ནཱ་	ནཱ་	NO_POS
རོ་	རོ་	NOUN
ཏ་	ཏ་	OTHER
དཔལ་	དཔལ་	OTHER
། །		PUNCT
		
དཔལ་ལྡན་	དཔལ་ལྡན་	ADJ
འབྲུག་པ་	འབྲུག་པ་	OTHER
ཕྱོགས་	ཕྱོགས་	NOUN
ལ་	ལ་	ADP
ས་	གིས་	PART
རྣམ་རྒྱལ་	རྣམ་རྒྱལ་	NOUN
། །		PUNCT
རྒྱལ་བ་	རྒྱལ་བ་	NOUN
འི་	གི་	PART
དབང་པོ་	དབང་པོ་	NOUN
ཆོས་རྗེ་	ཆོས་རྗེ་	NOUN
རྒྱ་ར་	རྒྱ་ར་	NO_POS
ས་	གིས་	PART
། །		PUNCT
ར་	ར་	NOUN
དཀ་	དཀའ་	VERB
ར་	ལ་	PART
ན་བཟའ་	ན་བཟའ་	NOUN
དོན་	དོན་	NOUN
བརྒྱུད་	བརྒྱུད་	NO_POS
བསྟན་	བསྟན་	VERB
བདག་	བདག་	PRON
།		PUNCT
བདག་	བདག་	PRON
རྟོག་	རྟོག་	VERB
འཇིགས་	འཇིགས་	VERB
བྲལ་	བྲལ་	VERB
གང་	གང་	NO_POS
གི་	གི་	PART
ཞབས་	ཞབས་	NOUN
བསྙེན་	བསྙེན་	VERB
། །		PUNCT
བསྙེན་པ་	བསྙེན་པ་	VERB
འི་	གི་	PART
གྲགས་པ་	གྲགས་པ་	VERB
འཇིག་རྟེན་	འཇིག་རྟེན་	NOUN
ཀུན་ཁྱབ་	ཀུན་ཁྱབ་	OTHER
། །		PUNCT
ཁྱབ་བདག་	ཁྱབ་བདག་	OTHER
བླ་	བླ་	NOUN
		
རྒྱན་	རྒྱན་	NOUN
ཆེན་པོ་	ཆེན་པོ་	ADJ
འི་	གི་	PART
རྗེས་འགྲོ་	རྗེས་འགྲོ་	OTHER
།།		PUNCT
འགྲོ་བ་	འགྲོ་བ་	VERB
འི་	གི་	PART
མགོན་པོ་	མགོན་པོ་	NOUN
ཕོ་	ཕོ་	NOUN
ར་	ར་	NOUN
ཡང་སྤྲུལ་	ཡང་སྤྲུལ་	OTHER
། །		PUNCT
སྤྲུལ་པ་	སྤྲུལ་པ་	VERB
འི་	གི་	PART
ཟླ་ཞལ་	ཟླ་ཞལ་	NO_POS
མཇལ་	མཇལ་	NO_POS
འདི་	འདི་	DET
རེ་	རེ་	DET
དགའ་	དགའ་	VERB
། །		PUNCT
དགའ་བ་	དགའ་བ་	VERB
བཅུ་དྲུག་	བཅུ་དྲུག་	NO_POS
བརྟས་པ་	བརྟས་པ་	VERB
འི་	གི་	PART
རྣམ་འགྱུར་	རྣམ་འགྱུར་	NOUN
། །		PUNCT
འགྱུར་མེད་	འགྱུར་མེད་	NOUN
ཟུང་འཇུག་	ཟུང་འཇུག་	NOUN
བདེ་བ་	བདེ་བ་	VERB
འི་	གི་	PART
ཕྱག་རྒྱ་	ཕྱག་རྒྱ་	NOUN
། །		PUNCT
རྒྱ་ཆད་	རྒྱ་ཆད་	NO_POS
ཕྱོགས་ལྷུང་	ཕྱོགས་ལྷུང་	NOUN
བྲལ་བ་	བྲལ་བ་	VERB
འི་	གི་	PART
རྡོ་རྗེ་	རྡོ་རྗེ་	NOUN
། །		PUNCT
རྗེ་	རྗེ་	NO_POS
འདི་	འདི་	DET
འི་	གི་	PART
ཞབས་པད་	ཞབས་པད་	NOUN
བརྟན་	བརྟན་	VERB
པའིཇིབཀྲ་		NON_WORD
ཤི་	ཤི་	VERB
ས་	གིས་	PART
། །		PUNCT
ཤིས་པ་	ཤིས་པ་	VERB
འི་	གི་	PART
མེ་ཏོག་	མེ་ཏོག་	NOUN
མནྡ་		NON_WORD
ར་བ་	ར་བ་	NOUN
། །		PUNCT
འཇིགས་	འཇིགས་	VERB
བྲལ་	བྲལ་	VERB
ཐེས་		NON_WORD
རྒྱན་	རྒྱན་	NOUN
བདེ་བ་	བདེ་བ་	VERB
འི་	གི་	PART
ལང་ཚོ་	ལང་ཚོ་	OTHER
། །		PUNCT
རྟག་	རྟག་	VERB
བརྟན་	བརྟན་	VERB
ཟུང་འཇུག་	ཟུང་འཇུག་	NOUN
རྡོ་རྗེ་	རྡོ་རྗེ་	NOUN
འི་	གི་	PART
ག་འུ་	ག་འུ་	NO_POS
ར་	ལ་	PART
། །		PUNCT
འཆི་མེད་	འཆི་མེད་	NOUN
རྟག་པ་	རྟག་པ་	VERB
ར་	ལ་	PART
བསྔམས་		NON_WORD
འདི་	འདི་	DET
ལྔརྫོ་		NON_WORD
མཚའ་	མཚའ་	VERB
། །		PUNCT
ཅེས་པ་	ཅེས་པ་	PART
འང་	ཀྱང་	PART
		
འགྲོ་བ་	འགྲོ་བ་	VERB
འི་	གི་	PART
མགོན་པོ་	མགོན་པོ་	NOUN
		
དཔལ་ལྡན་	དཔལ་ལྡན་	ADJ
འབྲུག་པ་	འབྲུག་པ་	OTHER
གཙང་པ་	གཙང་པ་	PROPN
རྒྱ་ར་	རྒྱ་ར་	NO_POS
ས་	གིས་	PART
ཡེ་ཤེས་	ཡེ་ཤེས་	NOUN
རྡོ་རྗེ་	རྡོ་རྗེ་	NOUN
ཞབས་	ཞབས་	NOUN
ཀྱི་	གི་	PART
བུ་ཆེན་	བུ་ཆེན་	NOUN
གྱི་	གི་	PART
ཐུ་བོ་	ཐུ་བོ་	ADJ
		
རྒྱལ་བ་	རྒྱལ་བ་	NOUN
ལོ་	གོ་	PART
རས་པ་	རས་པ་	NOUN
ཞེ་	ཅེས་	PART
མཚན་	མཚན་	NOUN
ཉི་ཟླ་	ཉི་ཟླ་	NOUN
ལྟ་	ལྟ་	OTHER
ཡོངས་སུ་	ཡོངས་སུ་	NO_POS
གྲགས་པ་	གྲགས་པ་	VERB
། །		PUNCT
རི་	རི་	NOUN
མེད་	མེད་	VERB
		
རྒྱལ་བསྟན་	རྒྱལ་བསྟན་	OTHER
ཡོངས་རྫོགས་	ཡོངས་རྫོགས་	OTHER
ཀྱི་	གི་	PART
བསྟན་པ་	བསྟན་པ་	VERB
འི་	གི་	PART
མངའ་བདག་	མངའ་བདག་	NOUN
ཆེན་པོ་	ཆེན་པོ་	ADJ
ཉིད་	ཉིད་	DET
དུ་	ལ་	PART
བཀུར་	བཀུར་	VERB
ལུས་	ལུས་	NOUN
༔༔		PUNCT
གྲོརྭཛེ་		NON_WORD
		
རྩའིཞིསབ་		NON_WORD
གང་	གང་	NO_POS
། །		PUNCT
འགྲོ་བ་	འགྲོ་བ་	VERB
འི་	གི་	PART
ཕན་བདེ་	ཕན་བདེ་	OTHER
འབྱུང་བ་	འབྱུང་བ་	VERB
འི་	གི་	PART
གཞི་	གཞི་	NOUN
གཅིག་	གཅིག་	NUM
ངེས་དོན་	ངེས་དོན་	NOUN
གྱི་	གི་	PART
བསྟན་པ་	བསྟན་པ་	VERB
རིན་པོ་ཆེ་	རིན་པོ་ཆེ་	ADJ
སྐྱོང་བ་	སྐྱོང་བ་	VERB
འི་	གི་	PART
ཐུགས་བསྐྱེད་	ཐུགས་བསྐྱེད་	OTHER
ཀྱི་	གི་	PART
དམ་བཅའ་	དམ་བཅའ་	NOUN
མ་	མ་	PART
ལྷོད་པ་	ལྷོད་པ་	VERB
ར་	ལ་	PART
།		PUNCT
སླར་ཡང་	སླར་ཡང་	OTHER
སྐྱེ་བ་	སྐྱེ་བ་	VERB
སྤྲུལ་པ་	སྤྲུལ་པ་	VERB
འི་	གི་	PART
སྐུ་	སྐུ་	NOUN
འི་	གི་	PART
སྲིད་པ་	སྲིད་པ་	VERB
བདག་	བདག་	PRON
གིར་		NON_WORD
བཞེས་	བཞེས་	VERB
ཤིང་ཁོ་པོ་	ཤིང་ཁོ་པོ་	NO_POS
དཔལ་	དཔལ་	OTHER
འབྲུག་པ་	འབྲུག་པ་	OTHER
བཅུ་གཉིས་པ་	བཅུ་གཉིས་པ་	NO_POS
འི་	གི་	PART
མདུན་	མདུན་	NOUN
དུ་	ལ་	PART
མངོན་སུམ་	མངོན་སུམ་	NOUN
གྱི་	གི་	PART
ཚུལ་	ཚུལ་	NOUN
དུ་	ལ་	PART
བྱོན་པ་	བྱོན་པ་	VERB
འི་	གི་	PART
རྟེན་འབྲེལ་	རྟེན་འབྲེལ་	NOUN
ལེགས་ཚོགས་	ལེགས་ཚོགས་	OTHER
སྒོ་	སྒོ་	NOUN
དུ་མ་	དུ་མ་	ADJ
ར་	ལ་	PART
དམིགས་	དམིགས་	VERB
ན་	ནས་	PART
། །		PUNCT
མཆོག་སྤྲུལ་	མཆོག་སྤྲུལ་	OTHER
འཇིགས་	འཇིགས་	VERB
བྲལ་	བྲལ་	VERB
		
རྒྱན་	རྒྱན་	NOUN
བདེ་བ་	བདེ་བ་	VERB
འི་	གི་	PART
རྡོ་རྗེ་	རྡོ་རྗེ་	NOUN
དཔལ་	དཔལ་	OTHER
བཟང་པོ་	བཟང་པོ་	ADJ
གང་	གང་	NO_POS
གི་	གི་	PART
ཞབས་བརྟན་	ཞབས་བརྟན་	OTHER
སྐུ་ལྔ་	སྐུ་ལྔ་	OTHER
འི་	གི་	PART
གྲངས་	གྲངས་	NOUN
ལྡན་	ལྡན་	VERB
གྱི་	གི་	PART
ཚིགས་	ཚིགས་	NOUN
སུ་	ལ་	PART
བཅད་པ་	བཅད་པ་	VERB
འདི་བཞིན་	འདི་བཞིན་	NO_POS
དགའ་སྤྲོ་	དགའ་སྤྲོ་	NOUN
ཡི་	གི་	PART
རང་	རང་	PRON
གི་	གི་	PART
བློ་	བློ་	NOUN
ས་	གིས་	PART
འབུལ་བ་	འབུལ་བ་	VERB
ས་	གིས་	PART
དོན་	དོན་	NOUN
དང་	དང་	NO_POS
ལྡན་པ་	ལྡན་པ་	VERB
ར་	ལ་	PART
གྱུར་ཅིག་གུ་	གྱུར་ཅིག་གུ་	NO_POS
། །། ་		PUNCT
ཚོཔྱེཚུཁྱི་		NON_WORD
		
གྲོ་	གྲོ་	NOUN
འིགྱི་		NON_WORD
